0.000000000000000000e+00,0.000000000000000000e+00,0.000000000000000000e+00,0.000000000000000000e+00,0.000000000000000000e+00,0.000000000000000000e+00,0.000000000000000000e+00,0.000000000000000000e+00,0.000000000000000000e+00,0.000000000000000000e+00,0.000000000000000000e+00,0.000000000000000000e+00,0.000000000000000000e+00,0.000000000000000000e+00,3.184917355981200029e-03,3.184917355981200029e-03,3.184917355981200029e-03,3.184917355981200029e-03,3.184917355981200029e-03,3.184917355981200029e-03,3.184917355981200029e-03
1.202908469418734457e-311,1.000000000000000000e+00,1.000000000000000000e+00,1.000000000000000000e+00,1.000000000000000000e+00,1.000000000000000000e+00,1.202910018531923053e-311,1.000000000000000000e+00,1.000000000000000000e+00,1.202908469418734457e-311,1.000000000000000000e+00,1.202910018531923053e-311,1.000000000000000000e+00,1.202908469418734457e-311,4.469979769129399719e-03,4.469979769129399719e-03,4.469979769129399719e-03,4.469979769129399719e-03,4.469979769129399719e-03,4.469979769129399719e-03,4.469979769129399719e-03
1.800809379143135144e-305,1.202910018531923053e-311,1.202908469418734457e-311,1.000000000000000000e+00,1.000000000000000000e+00,2.000000000000000000e+00,1.000000000000000000e+00,1.202910018531923053e-311,1.202908469418734457e-311,1.800809379143135144e-305,1.000000000000000000e+00,1.000000000000000000e+00,1.202908469418734457e-311,1.202908469418734457e-311,1.599872006826000119e-04,1.599872006826000119e-04,1.599872006826000119e-04,1.599872006826000119e-04,1.599872006826000119e-04,1.599872006826000119e-04,1.599872006826000119e-04
1.000000000000000000e+00,1.000000000000000000e+00,1.000000000000000000e+00,1.000000000000000000e+00,1.000000000000000000e+00,3.000000000000000000e+00,1.000000000000000000e+00,1.000000000000000000e+00,1.000000000000000000e+00,1.000000000000000000e+00,1.000000000000000000e+00,1.000000000000000000e+00,1.000000000000000000e+00,1.000000000000000000e+00,1.899819511430000094e-04,1.899819511430000094e-04,1.899819511430000094e-04,1.899819511430000094e-04,1.899819511430000094e-04,1.899819511430000094e-04,1.899819511430000094e-04
1.000000000000000000e+00,1.000000000000000000e+00,1.000000000000000000e+00,1.000000000000000000e+00,1.000000000000000000e+00,4.000000000000000000e+00,1.000000000000000000e+00,1.000000000000000000e+00,1.000000000000000000e+00,1.000000000000000000e+00,1.000000000000000000e+00,1.000000000000000000e+00,1.000000000000000000e+00,1.000000000000000000e+00,1.599872006826000119e-04,1.599872006826000119e-04,1.599872006826000119e-04,1.599872006826000119e-04,1.599872006826000119e-04,1.599872006826000119e-04,1.599872006826000119e-04
1.000000000000000000e+00,1.000000000000000000e+00,1.000000000000000000e+00,1.000000000000000000e+00,1.000000000000000000e+00,5.000000000000000000e+00,1.000000000000000000e+00,1.000000000000000000e+00,1.000000000000000000e+00,1.000000000000000000e+00,1.000000000000000000e+00,1.000000000000000000e+00,1.000000000000000000e+00,1.000000000000000000e+00,1.899819511430000094e-04,1.899819511430000094e-04,1.899819511430000094e-04,1.899819511430000094e-04,1.899819511430000094e-04,1.899819511430000094e-04,1.899819511430000094e-04
1.000000000000000000e+00,0.000000000000000000e+00,1.800795208455239789e-305,1.202910018531923053e-311,1.202909246919960004e-311,6.000000000000000000e+00,1.000000000000000000e+00,0.000000000000000000e+00,1.800795208455239789e-305,1.000000000000000000e+00,1.202909246919960004e-311,1.000000000000000000e+00,1.800795208455239789e-305,1.800795208455239789e-305,1.599872006826000119e-04,1.599872006826000119e-04,1.599872006826000119e-04,1.599872006826000119e-04,1.599872006826000119e-04,1.599872006826000119e-04,1.599872006826000119e-04
1.000000000000000000e+00,1.000000000000000000e+00,1.000000000000000000e+00,1.000000000000000000e+00,1.000000000000000000e+00,7.000000000000000000e+00,1.000000000000000000e+00,1.000000000000000000e+00,1.000000000000000000e+00,1.000000000000000000e+00,1.000000000000000000e+00,1.000000000000000000e+00,1.000000000000000000e+00,1.000000000000000000e+00,1.899819511430000094e-04,1.899819511430000094e-04,1.899819511430000094e-04,1.899819511430000094e-04,1.899819511430000094e-04,1.899819511430000094e-04,1.899819511430000094e-04
1.000000000000000000e+00,1.000000000000000000e+00,1.000000000000000000e+00,1.000000000000000000e+00,1.000000000000000000e+00,8.000000000000000000e+00,1.000000000000000000e+00,1.000000000000000000e+00,1.000000000000000000e+00,1.000000000000000000e+00,1.000000000000000000e+00,1.000000000000000000e+00,1.000000000000000000e+00,1.000000000000000000e+00,1.599872006826000119e-04,1.599872006826000119e-04,1.599872006826000119e-04,1.599872006826000119e-04,1.599872006826000119e-04,1.599872006826000119e-04,1.599872006826000119e-04
1.100000000000000089e+00,1.179999999999999938e+00,1.260000000000000009e+00,1.340000000000000080e+00,1.419999999999999929e+00,9.000000000000000000e+00,1.000000000000000000e+00,1.179999999999999938e+00,1.260000000000000009e+00,1.100000000000000089e+00,1.419999999999999929e+00,1.000000000000000000e+00,1.260000000000000009e+00,1.100000000000000089e+00,1.899819511430000094e-04,1.899819511430000094e-04,1.899819511430000094e-04,1.899819511430000094e-04,1.899819511430000094e-04,1.899819511430000094e-04,1.899819511430000094e-04
1.600000000000000089e+00,1.699999999999999956e+00,1.800000000000000044e+00,1.899999999999999911e+00,2.000000000000000000e+00,1.000000000000000000e+01,1.500000000000000000e+00,1.699999999999999956e+00,1.800000000000000044e+00,1.600000000000000089e+00,2.000000000000000000e+00,1.500000000000000000e+00,1.800000000000000044e+00,1.600000000000000089e+00,5.999820003599332097e-05,5.999820003599332097e-05,5.999820003599332097e-05,5.999820003599332097e-05,5.999820003599332097e-05,5.999820003599332097e-05,5.999820003599332097e-05
1.000000000000000000e+00,1.000000000000000000e+00,1.000000000000000000e+00,1.000000000000000000e+00,1.000000000000000000e+00,1.100000000000000000e+01,1.000000000000000000e+00,1.000000000000000000e+00,1.000000000000000000e+00,1.000000000000000000e+00,1.000000000000000000e+00,1.000000000000000000e+00,1.000000000000000000e+00,1.000000000000000000e+00,8.999595012149086415e-05,8.999595012149086415e-05,8.999595012149086415e-05,8.999595012149086415e-05,8.999595012149086415e-05,8.999595012149086415e-05,8.999595012149086415e-05
1.000000000000000000e+00,1.000000000000000000e+00,1.000000000000000000e+00,1.000000000000000000e+00,1.000000000000000000e+00,1.200000000000000000e+01,1.000000000000000000e+00,1.000000000000000000e+00,1.000000000000000000e+00,1.000000000000000000e+00,1.000000000000000000e+00,1.000000000000000000e+00,1.000000000000000000e+00,1.000000000000000000e+00,5.999820003599332097e-05,5.999820003599332097e-05,5.999820003599332097e-05,5.999820003599332097e-05,5.999820003599332097e-05,5.999820003599332097e-05,5.999820003599332097e-05
1.000000000000000000e+00,1.000000000000000000e+00,1.000000000000000000e+00,1.000000000000000000e+00,1.000000000000000000e+00,1.300000000000000000e+01,1.000000000000000000e+00,1.000000000000000000e+00,1.000000000000000000e+00,1.000000000000000000e+00,1.000000000000000000e+00,1.000000000000000000e+00,1.000000000000000000e+00,1.000000000000000000e+00,8.999595012149086415e-05,8.999595012149086415e-05,8.999595012149086415e-05,8.999595012149086415e-05,8.999595012149086415e-05,8.999595012149086415e-05,8.999595012149086415e-05
0.000000000000000000e+00,0.000000000000000000e+00,0.000000000000000000e+00,0.000000000000000000e+00,0.000000000000000000e+00,1.400000000000000000e+01,0.000000000000000000e+00,0.000000000000000000e+00,0.000000000000000000e+00,0.000000000000000000e+00,0.000000000000000000e+00,0.000000000000000000e+00,0.000000000000000000e+00,0.000000000000000000e+00,5.999820003599332097e-05,5.999820003599332097e-05,5.999820003599332097e-05,5.999820003599332097e-05,5.999820003599332097e-05,5.999820003599332097e-05,5.999820003599332097e-05
0.000000000000000000e+00,1.452018615333665885e-01,0.000000000000000000e+00,0.000000000000000000e+00,0.000000000000000000e+00,1.500000000000000000e+01,1.934066281661350750e-02,2.323229784533865638e-01,0.000000000000000000e+00,0.000000000000000000e+00,0.000000000000000000e+00,1.934066281661350750e-02,0.000000000000000000e+00,0.000000000000000000e+00,8.999595012149086415e-05,8.999595012149086415e-05,8.999595012149086415e-05,8.999595012149086415e-05,8.999595012149086415e-05,8.999595012149086415e-05,8.999595012149086415e-05
0.000000000000000000e+00,2.937849979090614294e-01,0.000000000000000000e+00,2.327495192832550464e-01,2.999615225103729466e-01,1.600000000000000000e+01,5.838864786637825571e-02,4.524288967799546257e-01,0.000000000000000000e+00,0.000000000000000000e+00,2.999615225103729466e-01,5.838864786637825571e-02,0.000000000000000000e+00,0.000000000000000000e+00,5.999820003599332097e-05,5.999820003599332097e-05,5.999820003599332097e-05,5.999820003599332097e-05,5.999820003599332097e-05,5.999820003599332097e-05,5.999820003599332097e-05
1.000000000000000000e+00,1.000000000000000000e+00,1.000000000000000000e+00,1.000000000000000000e+00,1.000000000000000000e+00,1.700000000000000000e+01,1.260000000000000009e+00,1.479999999999999982e+00,1.000000000000000000e+00,1.000000000000000000e+00,1.000000000000000000e+00,1.260000000000000009e+00,1.000000000000000000e+00,1.000000000000000000e+00,8.999595012149086415e-05,8.999595012149086415e-05,8.999595012149086415e-05,8.999595012149086415e-05,8.999595012149086415e-05,8.999595012149086415e-05,8.999595012149086415e-05
0.000000000000000000e+00,5.703698285205743151e-02,0.000000000000000000e+00,2.378025111495595811e-01,4.586906588977068822e-02,1.800000000000000000e+01,1.515125669091031135e-01,8.099251564992154817e-02,0.000000000000000000e+00,0.000000000000000000e+00,4.586906588977068822e-02,1.515125669091031135e-01,0.000000000000000000e+00,0.000000000000000000e+00,5.999820003599332097e-05,5.999820003599332097e-05,5.999820003599332097e-05,5.999820003599332097e-05,5.999820003599332097e-05,5.999820003599332097e-05,5.999820003599332097e-05
1.000000000000000000e+00,1.000000000000000000e+00,1.000000000000000000e+00,1.000000000000000000e+00,1.000000000000000000e+00,1.900000000000000000e+01,1.419999999999999929e+00,1.360000000000000098e+00,1.000000000000000000e+00,1.000000000000000000e+00,1.000000000000000000e+00,1.419999999999999929e+00,1.000000000000000000e+00,1.000000000000000000e+00,8.999595012149086415e-05,8.999595012149086415e-05,8.999595012149086415e-05,8.999595012149086415e-05,8.999595012149086415e-05,8.999595012149086415e-05,8.999595012149086415e-05
1.000000000000000000e+00,1.000000000000000000e+00,1.000000000000000000e+00,1.000000000000000000e+00,1.000000000000000000e+00,2.000000000000000000e+01,1.500000000000000000e+00,1.300000000000000044e+00,1.000000000000000000e+00,1.000000000000000000e+00,1.000000000000000000e+00,1.500000000000000000e+00,1.000000000000000000e+00,1.000000000000000000e+00,1.099939502217999962e-04,1.099939502217999962e-04,1.099939502217999962e-04,1.099939502217999962e-04,1.099939502217999962e-04,1.099939502217999962e-04,1.099939502217999962e-04
1.438901144186754966e-01,3.030244032324064252e-01,8.425120406398850514e-02,2.452608109387277857e-01,2.250038438840827326e-01,2.100000000000000000e+01,2.081828825080119794e-01,3.757502600081839561e-01,8.425120406398850514e-02,1.438901144186754966e-01,2.250038438840827326e-01,2.081828825080119794e-01,8.425120406398850514e-02,8.425120406398850514e-02,1.399902004572000128e-04,1.399902004572000128e-04,1.399902004572000128e-04,1.399902004572000128e-04,1.399902004572000128e-04,1.399902004572000128e-04,1.399902004572000128e-04
1.000000000000000000e+00,1.000000000000000000e+00,1.000000000000000000e+00,1.000000000000000000e+00,1.000000000000000000e+00,2.200000000000000000e+01,1.699999999999999956e+00,1.179999999999999938e+00,1.000000000000000000e+00,1.000000000000000000e+00,1.000000000000000000e+00,1.699999999999999956e+00,1.000000000000000000e+00,1.000000000000000000e+00,1.099939502217999962e-04,1.099939502217999962e-04,1.099939502217999962e-04,1.099939502217999962e-04,1.099939502217999962e-04,1.099939502217999962e-04,1.099939502217999962e-04
1.000000000000000000e+00,1.000000000000000000e+00,1.000000000000000000e+00,1.000000000000000000e+00,1.000000000000000000e+00,2.300000000000000000e+01,1.800000000000000044e+00,1.120000000000000107e+00,1.000000000000000000e+00,1.000000000000000000e+00,1.000000000000000000e+00,1.800000000000000044e+00,1.000000000000000000e+00,1.000000000000000000e+00,1.399902004572000128e-04,1.399902004572000128e-04,1.399902004572000128e-04,1.399902004572000128e-04,1.399902004572000128e-04,1.399902004572000128e-04,1.399902004572000128e-04
1.239462169089296378e-01,5.869080860931030069e-02,7.379745000114321107e-02,2.713091925643770219e-01,1.895961621355463922e-01,2.400000000000000000e+01,1.949170376883223865e-01,6.221225712586891943e-02,7.379745000114321107e-02,1.239462169089296378e-01,1.895961621355463922e-01,1.949170376883223865e-01,7.379745000114321107e-02,7.379745000114321107e-02,1.099939502217999962e-04,1.099939502217999962e-04,1.099939502217999962e-04,1.099939502217999962e-04,1.099939502217999962e-04,1.099939502217999962e-04,1.099939502217999962e-04
1.000000000000000000e+00,1.000000000000000000e+00,1.000000000000000000e+00,1.000000000000000000e+00,1.000000000000000000e+00,2.500000000000000000e+01,2.000000000000000000e+00,1.000000000000000000e+00,1.000000000000000000e+00,1.000000000000000000e+00,1.000000000000000000e+00,2.000000000000000000e+00,1.000000000000000000e+00,1.000000000000000000e+00,1.399902004572000128e-04,1.399902004572000128e-04,1.399902004572000128e-04,1.399902004572000128e-04,1.399902004572000128e-04,1.399902004572000128e-04,1.399902004572000128e-04
1.000000000000000000e+00,1.000000000000000000e+00,1.000000000000000000e+00,1.000000000000000000e+00,1.000000000000000000e+00,2.600000000000000000e+01,2.000000000000000000e+00,1.000000000000000000e+00,1.000000000000000000e+00,1.000000000000000000e+00,1.000000000000000000e+00,2.000000000000000000e+00,1.000000000000000000e+00,1.000000000000000000e+00,1.099939502217999962e-04,1.099939502217999962e-04,1.099939502217999962e-04,1.099939502217999962e-04,1.099939502217999962e-04,1.099939502217999962e-04,1.099939502217999962e-04
1.000000000000000000e+00,1.000000000000000000e+00,1.000000000000000000e+00,1.000000000000000000e+00,1.000000000000000000e+00,2.700000000000000000e+01,2.000000000000000000e+00,1.000000000000000000e+00,1.000000000000000000e+00,1.000000000000000000e+00,1.000000000000000000e+00,2.000000000000000000e+00,1.000000000000000000e+00,1.000000000000000000e+00,1.399902004572000128e-04,1.399902004572000128e-04,1.399902004572000128e-04,1.399902004572000128e-04,1.399902004572000128e-04,1.399902004572000128e-04,1.399902004572000128e-04
1.244949493722119493e-02,2.459333063542637754e-01,9.644204304067850730e-02,5.856821541611226950e-02,1.691628975530789780e-01,2.800000000000000000e+01,0.000000000000000000e+00,2.459333063542637754e-01,9.644204304067850730e-02,1.244949493722119493e-02,1.691628975530789780e-01,0.000000000000000000e+00,9.644204304067850730e-02,1.244949493722119493e-02,1.099939502217999962e-04,1.099939502217999962e-04,1.099939502217999962e-04,1.099939502217999962e-04,1.099939502217999962e-04,1.099939502217999962e-04,1.099939502217999962e-04
1.000000000000000000e+00,1.000000000000000000e+00,1.000000000000000000e+00,1.000000000000000000e+00,1.000000000000000000e+00,2.900000000000000000e+01,2.000000000000000000e+00,1.000000000000000000e+00,1.000000000000000000e+00,1.000000000000000000e+00,1.000000000000000000e+00,2.000000000000000000e+00,1.000000000000000000e+00,1.000000000000000000e+00,1.399902004572000128e-04,1.399902004572000128e-04,1.399902004572000128e-04,1.399902004572000128e-04,1.399902004572000128e-04,1.399902004572000128e-04,1.399902004572000128e-04
1.000000000000000000e+00,1.000000000000000000e+00,1.000000000000000000e+00,1.000000000000000000e+00,1.000000000000000000e+00,3.000000000000000000e+01,2.000000000000000000e+00,1.000000000000000000e+00,1.000000000000000000e+00,1.000000000000000000e+00,1.000000000000000000e+00,2.000000000000000000e+00,1.000000000000000000e+00,1.000000000000000000e+00,3.002578299709000127e-04,3.002578299709000127e-04,3.002578299709000127e-04,3.002578299709000127e-04,3.002578299709000127e-04,3.002578299709000127e-04,3.002578299709000127e-04
1.000000000000000000e+00,1.000000000000000000e+00,1.000000000000000000e+00,1.000000000000000000e+00,1.000000000000000000e+00,3.100000000000000000e+01,2.000000000000000000e+00,1.000000000000000000e+00,1.000000000000000000e+00,1.000000000000000000e+00,1.000000000000000000e+00,2.000000000000000000e+00,1.000000000000000000e+00,1.000000000000000000e+00,4.702999583914999819e-04,4.702999583914999819e-04,4.702999583914999819e-04,4.702999583914999819e-04,4.702999583914999819e-04,4.702999583914999819e-04,4.702999583914999819e-04
1.000000000000000000e+00,1.000000000000000000e+00,1.000000000000000000e+00,1.000000000000000000e+00,1.000000000000000000e+00,3.200000000000000000e+01,2.000000000000000000e+00,1.000000000000000000e+00,1.000000000000000000e+00,1.000000000000000000e+00,1.000000000000000000e+00,2.000000000000000000e+00,1.000000000000000000e+00,1.000000000000000000e+00,3.006386545463000178e-04,3.006386545463000178e-04,3.006386545463000178e-04,3.006386545463000178e-04,3.006386545463000178e-04,3.006386545463000178e-04,3.006386545463000178e-04
1.434303995130077058e-01,4.939046909688645653e-02,1.258301955081722046e-01,2.900659436276221137e-01,3.344151803185053673e-01,3.300000000000000000e+01,0.000000000000000000e+00,4.939046909688645653e-02,1.258301955081722046e-01,1.434303995130077058e-01,3.344151803185053673e-01,0.000000000000000000e+00,1.258301955081722046e-01,1.258301955081722046e-01,4.708946606360999917e-04,4.708946606360999917e-04,4.708946606360999917e-04,4.708946606360999917e-04,4.708946606360999917e-04,4.708946606360999917e-04,4.708946606360999917e-04
1.000000000000000000e+00,1.000000000000000000e+00,1.000000000000000000e+00,1.000000000000000000e+00,1.000000000000000000e+00,3.400000000000000000e+01,2.000000000000000000e+00,1.000000000000000000e+00,1.000000000000000000e+00,1.000000000000000000e+00,1.000000000000000000e+00,2.000000000000000000e+00,1.000000000000000000e+00,1.000000000000000000e+00,3.013088576468000101e-04,3.013088576468000101e-04,3.013088576468000101e-04,3.013088576468000101e-04,3.013088576468000101e-04,3.013088576468000101e-04,3.013088576468000101e-04
1.000000000000000000e+00,1.000000000000000000e+00,1.600000000000000089e+00,1.540000000000000036e+00,1.479999999999999982e+00,3.500000000000000000e+01,2.000000000000000000e+00,1.000000000000000000e+00,1.600000000000000089e+00,1.000000000000000000e+00,1.479999999999999982e+00,2.000000000000000000e+00,1.600000000000000089e+00,1.000000000000000000e+00,4.719730965302000006e-04,4.719730965302000006e-04,4.719730965302000006e-04,4.719730965302000006e-04,4.719730965302000006e-04,4.719730965302000006e-04,4.719730965302000006e-04
1.360000000000000098e+00,1.300000000000000044e+00,1.239999999999999991e+00,1.179999999999999938e+00,1.120000000000000107e+00,3.600000000000000000e+01,2.839999999999999858e+00,1.300000000000000044e+00,1.239999999999999991e+00,1.360000000000000098e+00,1.120000000000000107e+00,2.839999999999999858e+00,1.239999999999999991e+00,1.239999999999999991e+00,3.024696455771000046e-04,3.024696455771000046e-04,3.024696455771000046e-04,3.024696455771000046e-04,3.024696455771000046e-04,3.024696455771000046e-04,3.024696455771000046e-04
1.000000000000000000e+00,1.000000000000000000e+00,1.000000000000000000e+00,1.000000000000000000e+00,1.000000000000000000e+00,3.700000000000000000e+01,2.120000000000000107e+00,1.000000000000000000e+00,1.000000000000000000e+00,1.000000000000000000e+00,1.000000000000000000e+00,2.120000000000000107e+00,1.000000000000000000e+00,1.000000000000000000e+00,4.739829939912000210e-04,4.739829939912000210e-04,4.739829939912000210e-04,4.739829939912000210e-04,4.739829939912000210e-04,4.739829939912000210e-04,4.739829939912000210e-04
1.000000000000000000e+00,1.000000000000000000e+00,1.000000000000000000e+00,1.000000000000000000e+00,1.000000000000000000e+00,3.800000000000000000e+01,2.000000000000000000e+00,1.000000000000000000e+00,1.000000000000000000e+00,1.000000000000000000e+00,1.000000000000000000e+00,2.000000000000000000e+00,1.000000000000000000e+00,1.000000000000000000e+00,3.046970032764000254e-04,3.046970032764000254e-04,3.046970032764000254e-04,3.046970032764000254e-04,3.046970032764000254e-04,3.046970032764000254e-04,3.046970032764000254e-04
1.000000000000000000e+00,1.000000000000000000e+00,1.000000000000000000e+00,1.000000000000000000e+00,1.000000000000000000e+00,3.900000000000000000e+01,2.000000000000000000e+00,1.000000000000000000e+00,1.000000000000000000e+00,1.000000000000000000e+00,1.000000000000000000e+00,2.000000000000000000e+00,1.000000000000000000e+00,1.000000000000000000e+00,4.779989043044999752e-04,4.779989043044999752e-04,4.779989043044999752e-04,4.779989043044999752e-04,4.779989043044999752e-04,4.779989043044999752e-04,4.779989043044999752e-04
1.433960207555388944e-01,1.757504190410520695e-01,1.306973495094529425e-01,1.865580651176060867e-01,2.046871510244557824e-01,4.000000000000000000e+01,0.000000000000000000e+00,1.757504190410520695e-01,1.306973495094529425e-01,1.433960207555388944e-01,2.046871510244557824e-01,0.000000000000000000e+00,1.306973495094529425e-01,1.306973495094529425e-01,3.872857169990999741e-04,3.872857169990999741e-04,3.872857169990999741e-04,3.872857169990999741e-04,3.872857169990999741e-04,3.872857169990999741e-04,3.872857169990999741e-04
1.000000000000000000e+00,1.000000000000000000e+00,1.000000000000000000e+00,1.000000000000000000e+00,1.000000000000000000e+00,4.100000000000000000e+01,2.000000000000000000e+00,1.000000000000000000e+00,1.000000000000000000e+00,1.000000000000000000e+00,1.000000000000000000e+00,2.000000000000000000e+00,1.000000000000000000e+00,1.000000000000000000e+00,6.843129931091000186e-04,6.843129931091000186e-04,6.843129931091000186e-04,6.843129931091000186e-04,6.843129931091000186e-04,6.843129931091000186e-04,6.843129931091000186e-04
1.000000000000000000e+00,1.000000000000000000e+00,1.000000000000000000e+00,1.000000000000000000e+00,1.000000000000000000e+00,4.200000000000000000e+01,2.000000000000000000e+00,1.000000000000000000e+00,1.000000000000000000e+00,1.000000000000000000e+00,1.000000000000000000e+00,2.000000000000000000e+00,1.000000000000000000e+00,1.000000000000000000e+00,3.884619695319000148e-04,3.884619695319000148e-04,3.884619695319000148e-04,3.884619695319000148e-04,3.884619695319000148e-04,3.884619695319000148e-04,3.884619695319000148e-04
1.000000000000000000e+00,1.000000000000000000e+00,1.000000000000000000e+00,1.000000000000000000e+00,1.000000000000000000e+00,4.300000000000000000e+01,2.000000000000000000e+00,1.000000000000000000e+00,1.000000000000000000e+00,1.000000000000000000e+00,1.000000000000000000e+00,2.000000000000000000e+00,1.000000000000000000e+00,1.000000000000000000e+00,6.871469086983000071e-04,6.871469086983000071e-04,6.871469086983000071e-04,6.871469086983000071e-04,6.871469086983000071e-04,6.871469086983000071e-04,6.871469086983000071e-04
1.000000000000000000e+00,1.000000000000000000e+00,1.000000000000000000e+00,1.000000000000000000e+00,1.000000000000000000e+00,4.400000000000000000e+01,2.000000000000000000e+00,1.000000000000000000e+00,1.000000000000000000e+00,1.000000000000000000e+00,1.000000000000000000e+00,2.000000000000000000e+00,1.000000000000000000e+00,1.000000000000000000e+00,3.885537010782999924e-04,3.885537010782999924e-04,3.885537010782999924e-04,3.885537010782999924e-04,3.885537010782999924e-04,3.885537010782999924e-04,3.885537010782999924e-04
1.000000000000000000e+00,1.000000000000000000e+00,1.000000000000000000e+00,1.000000000000000000e+00,1.000000000000000000e+00,4.500000000000000000e+01,2.000000000000000000e+00,1.000000000000000000e+00,1.000000000000000000e+00,1.000000000000000000e+00,1.000000000000000000e+00,2.000000000000000000e+00,1.000000000000000000e+00,1.000000000000000000e+00,6.879679532575999667e-04,6.879679532575999667e-04,6.879679532575999667e-04,6.879679532575999667e-04,6.879679532575999667e-04,6.879679532575999667e-04,6.879679532575999667e-04
1.000000000000000000e+00,1.000000000000000000e+00,1.000000000000000000e+00,1.000000000000000000e+00,1.000000000000000000e+00,4.600000000000000000e+01,2.000000000000000000e+00,1.000000000000000000e+00,1.000000000000000000e+00,1.000000000000000000e+00,1.000000000000000000e+00,2.000000000000000000e+00,1.000000000000000000e+00,1.000000000000000000e+00,3.882073361610999924e-04,3.882073361610999924e-04,3.882073361610999924e-04,3.882073361610999924e-04,3.882073361610999924e-04,3.882073361610999924e-04,3.882073361610999924e-04
1.000000000000000000e+00,1.000000000000000000e+00,1.000000000000000000e+00,1.000000000000000000e+00,1.000000000000000000e+00,4.700000000000000000e+01,2.000000000000000000e+00,1.000000000000000000e+00,1.000000000000000000e+00,1.000000000000000000e+00,1.000000000000000000e+00,2.000000000000000000e+00,1.000000000000000000e+00,1.000000000000000000e+00,6.880250355552000466e-04,6.880250355552000466e-04,6.880250355552000466e-04,6.880250355552000466e-04,6.880250355552000466e-04,6.880250355552000466e-04,6.880250355552000466e-04
1.000000000000000000e+00,1.000000000000000000e+00,1.000000000000000000e+00,1.000000000000000000e+00,1.000000000000000000e+00,4.800000000000000000e+01,2.000000000000000000e+00,1.000000000000000000e+00,1.000000000000000000e+00,1.000000000000000000e+00,1.000000000000000000e+00,2.000000000000000000e+00,1.000000000000000000e+00,1.000000000000000000e+00,3.869957682939000206e-04,3.869957682939000206e-04,3.869957682939000206e-04,3.869957682939000206e-04,3.869957682939000206e-04,3.869957682939000206e-04,3.869957682939000206e-04
1.000000000000000000e+00,1.000000000000000000e+00,1.000000000000000000e+00,1.000000000000000000e+00,1.000000000000000000e+00,4.900000000000000000e+01,2.000000000000000000e+00,1.000000000000000000e+00,1.000000000000000000e+00,1.000000000000000000e+00,1.000000000000000000e+00,2.000000000000000000e+00,1.000000000000000000e+00,1.000000000000000000e+00,6.864683752686999863e-04,6.864683752686999863e-04,6.864683752686999863e-04,6.864683752686999863e-04,6.864683752686999863e-04,6.864683752686999863e-04,6.864683752686999863e-04
2.261973534086789486e-02,1.111300807068529850e-01,6.105323835581338149e-02,5.835195721852080852e-02,2.354712677728728887e-01,5.000000000000000000e+01,0.000000000000000000e+00,1.111300807068529850e-01,6.105323835581338149e-02,2.261973534086789486e-02,2.354712677728728887e-01,0.000000000000000000e+00,6.105323835581338149e-02,2.261973534086789486e-02,3.755914380786999868e-04,3.755914380786999868e-04,3.755914380786999868e-04,3.755914380786999868e-04,3.755914380786999868e-04,3.755914380786999868e-04,3.755914380786999868e-04
1.000000000000000000e+00,1.000000000000000000e+00,1.000000000000000000e+00,1.000000000000000000e+00,1.000000000000000000e+00,5.100000000000000000e+01,2.000000000000000000e+00,1.000000000000000000e+00,1.000000000000000000e+00,1.000000000000000000e+00,1.000000000000000000e+00,2.000000000000000000e+00,1.000000000000000000e+00,1.000000000000000000e+00,7.461838926450999618e-04,7.461838926450999618e-04,7.461838926450999618e-04,7.461838926450999618e-04,7.461838926450999618e-04,7.461838926450999618e-04,7.461838926450999618e-04
1.000000000000000000e+00,1.000000000000000000e+00,1.000000000000000000e+00,1.000000000000000000e+00,1.000000000000000000e+00,5.200000000000000000e+01,2.000000000000000000e+00,1.000000000000000000e+00,1.000000000000000000e+00,1.000000000000000000e+00,1.000000000000000000e+00,2.000000000000000000e+00,1.000000000000000000e+00,1.000000000000000000e+00,3.745016378817000004e-04,3.745016378817000004e-04,3.745016378817000004e-04,3.745016378817000004e-04,3.745016378817000004e-04,3.745016378817000004e-04,3.745016378817000004e-04
1.000000000000000000e+00,1.000000000000000000e+00,1.000000000000000000e+00,1.000000000000000000e+00,1.000000000000000000e+00,5.300000000000000000e+01,2.000000000000000000e+00,1.000000000000000000e+00,1.000000000000000000e+00,1.000000000000000000e+00,1.000000000000000000e+00,2.000000000000000000e+00,1.000000000000000000e+00,1.000000000000000000e+00,7.451414411243000111e-04,7.451414411243000111e-04,7.451414411243000111e-04,7.451414411243000111e-04,7.451414411243000111e-04,7.451414411243000111e-04,7.451414411243000111e-04
1.000000000000000000e+00,1.000000000000000000e+00,1.000000000000000000e+00,1.000000000000000000e+00,1.000000000000000000e+00,5.400000000000000000e+01,2.000000000000000000e+00,1.000000000000000000e+00,1.000000000000000000e+00,1.000000000000000000e+00,1.000000000000000000e+00,2.000000000000000000e+00,1.000000000000000000e+00,1.000000000000000000e+00,3.739097690561999764e-04,3.739097690561999764e-04,3.739097690561999764e-04,3.739097690561999764e-04,3.739097690561999764e-04,3.739097690561999764e-04,3.739097690561999764e-04
1.000000000000000000e+00,1.000000000000000000e+00,1.000000000000000000e+00,1.000000000000000000e+00,1.000000000000000000e+00,5.500000000000000000e+01,2.000000000000000000e+00,1.000000000000000000e+00,1.000000000000000000e+00,1.000000000000000000e+00,1.000000000000000000e+00,2.000000000000000000e+00,1.000000000000000000e+00,1.000000000000000000e+00,7.446632776802000232e-04,7.446632776802000232e-04,7.446632776802000232e-04,7.446632776802000232e-04,7.446632776802000232e-04,7.446632776802000232e-04,7.446632776802000232e-04
1.000000000000000000e+00,1.000000000000000000e+00,1.000000000000000000e+00,1.000000000000000000e+00,1.000000000000000000e+00,5.600000000000000000e+01,2.000000000000000000e+00,1.000000000000000000e+00,1.000000000000000000e+00,1.000000000000000000e+00,1.000000000000000000e+00,2.000000000000000000e+00,1.000000000000000000e+00,1.000000000000000000e+00,3.734239684823000048e-04,3.734239684823000048e-04,3.734239684823000048e-04,3.734239684823000048e-04,3.734239684823000048e-04,3.734239684823000048e-04,3.734239684823000048e-04
1.000000000000000000e+00,1.000000000000000000e+00,1.000000000000000000e+00,1.000000000000000000e+00,1.000000000000000000e+00,5.700000000000000000e+01,2.000000000000000000e+00,1.000000000000000000e+00,1.000000000000000000e+00,1.000000000000000000e+00,1.000000000000000000e+00,2.000000000000000000e+00,1.000000000000000000e+00,1.000000000000000000e+00,7.439876837004999596e-04,7.439876837004999596e-04,7.439876837004999596e-04,7.439876837004999596e-04,7.439876837004999596e-04,7.439876837004999596e-04,7.439876837004999596e-04
1.000000000000000000e+00,1.000000000000000000e+00,1.000000000000000000e+00,1.000000000000000000e+00,1.000000000000000000e+00,5.800000000000000000e+01,2.000000000000000000e+00,1.000000000000000000e+00,1.000000000000000000e+00,1.000000000000000000e+00,1.000000000000000000e+00,2.000000000000000000e+00,1.000000000000000000e+00,1.000000000000000000e+00,3.730500344186000105e-04,3.730500344186000105e-04,3.730500344186000105e-04,3.730500344186000105e-04,3.730500344186000105e-04,3.730500344186000105e-04,3.730500344186000105e-04
1.000000000000000000e+00,1.000000000000000000e+00,1.000000000000000000e+00,1.000000000000000000e+00,1.000000000000000000e+00,5.900000000000000000e+01,2.000000000000000000e+00,1.000000000000000000e+00,1.000000000000000000e+00,1.000000000000000000e+00,1.000000000000000000e+00,2.000000000000000000e+00,1.000000000000000000e+00,1.000000000000000000e+00,7.434124459228999950e-04,7.434124459228999950e-04,7.434124459228999950e-04,7.434124459228999950e-04,7.434124459228999950e-04,7.434124459228999950e-04,7.434124459228999950e-04
1.320747937231518399e-01,1.386663221525390455e-01,6.972650263729004982e-02,2.833981361920946407e-01,2.617484656178371838e-02,6.000000000000000000e+01,0.000000000000000000e+00,1.386663221525390455e-01,6.972650263729004982e-02,1.320747937231518399e-01,2.617484656178371838e-02,0.000000000000000000e+00,6.972650263729004982e-02,6.972650263729004982e-02,3.928962411093000063e-04,3.928962411093000063e-04,3.928962411093000063e-04,3.928962411093000063e-04,3.928962411093000063e-04,3.928962411093000063e-04,3.928962411093000063e-04
1.000000000000000000e+00,1.000000000000000000e+00,1.000000000000000000e+00,1.000000000000000000e+00,1.000000000000000000e+00,6.100000000000000000e+01,2.000000000000000000e+00,1.000000000000000000e+00,1.000000000000000000e+00,1.000000000000000000e+00,1.000000000000000000e+00,2.000000000000000000e+00,1.000000000000000000e+00,1.000000000000000000e+00,8.441462793093000181e-04,8.441462793093000181e-04,8.441462793093000181e-04,8.441462793093000181e-04,8.441462793093000181e-04,8.441462793093000181e-04,8.441462793093000181e-04
1.000000000000000000e+00,1.000000000000000000e+00,1.000000000000000000e+00,1.000000000000000000e+00,1.000000000000000000e+00,6.200000000000000000e+01,2.000000000000000000e+00,1.000000000000000000e+00,1.000000000000000000e+00,1.000000000000000000e+00,1.000000000000000000e+00,2.000000000000000000e+00,1.000000000000000000e+00,1.000000000000000000e+00,3.932427221085999934e-04,3.932427221085999934e-04,3.932427221085999934e-04,3.932427221085999934e-04,3.932427221085999934e-04,3.932427221085999934e-04,3.932427221085999934e-04
1.000000000000000000e+00,1.000000000000000000e+00,1.000000000000000000e+00,1.000000000000000000e+00,1.000000000000000000e+00,6.300000000000000000e+01,2.000000000000000000e+00,1.000000000000000000e+00,1.000000000000000000e+00,1.000000000000000000e+00,1.000000000000000000e+00,2.000000000000000000e+00,1.000000000000000000e+00,1.000000000000000000e+00,8.437651357951000009e-04,8.437651357951000009e-04,8.437651357951000009e-04,8.437651357951000009e-04,8.437651357951000009e-04,8.437651357951000009e-04,8.437651357951000009e-04
1.000000000000000000e+00,1.000000000000000000e+00,1.000000000000000000e+00,1.000000000000000000e+00,1.000000000000000000e+00,6.400000000000000000e+01,2.000000000000000000e+00,1.000000000000000000e+00,1.000000000000000000e+00,1.000000000000000000e+00,1.000000000000000000e+00,2.000000000000000000e+00,1.000000000000000000e+00,1.000000000000000000e+00,3.930652078251999798e-04,3.930652078251999798e-04,3.930652078251999798e-04,3.930652078251999798e-04,3.930652078251999798e-04,3.930652078251999798e-04,3.930652078251999798e-04
1.000000000000000000e+00,1.000000000000000000e+00,1.000000000000000000e+00,1.000000000000000000e+00,1.000000000000000000e+00,6.500000000000000000e+01,2.000000000000000000e+00,1.000000000000000000e+00,1.000000000000000000e+00,1.000000000000000000e+00,1.000000000000000000e+00,2.000000000000000000e+00,1.000000000000000000e+00,1.000000000000000000e+00,8.430784260135000107e-04,8.430784260135000107e-04,8.430784260135000107e-04,8.430784260135000107e-04,8.430784260135000107e-04,8.430784260135000107e-04,8.430784260135000107e-04
1.000000000000000000e+00,1.000000000000000000e+00,1.000000000000000000e+00,1.000000000000000000e+00,1.000000000000000000e+00,6.600000000000000000e+01,2.000000000000000000e+00,1.000000000000000000e+00,1.000000000000000000e+00,1.000000000000000000e+00,1.000000000000000000e+00,2.000000000000000000e+00,1.000000000000000000e+00,1.000000000000000000e+00,3.929472292145000183e-04,3.929472292145000183e-04,3.929472292145000183e-04,3.929472292145000183e-04,3.929472292145000183e-04,3.929472292145000183e-04,3.929472292145000183e-04
1.000000000000000000e+00,1.000000000000000000e+00,1.000000000000000000e+00,1.000000000000000000e+00,1.000000000000000000e+00,6.700000000000000000e+01,2.000000000000000000e+00,1.000000000000000000e+00,1.000000000000000000e+00,1.000000000000000000e+00,1.000000000000000000e+00,2.000000000000000000e+00,1.000000000000000000e+00,1.000000000000000000e+00,8.424767850221000481e-04,8.424767850221000481e-04,8.424767850221000481e-04,8.424767850221000481e-04,8.424767850221000481e-04,8.424767850221000481e-04,8.424767850221000481e-04
1.000000000000000000e+00,1.000000000000000000e+00,1.000000000000000000e+00,1.000000000000000000e+00,1.000000000000000000e+00,6.800000000000000000e+01,2.000000000000000000e+00,1.000000000000000000e+00,1.000000000000000000e+00,1.000000000000000000e+00,1.000000000000000000e+00,2.000000000000000000e+00,1.000000000000000000e+00,1.000000000000000000e+00,3.928666320367000110e-04,3.928666320367000110e-04,3.928666320367000110e-04,3.928666320367000110e-04,3.928666320367000110e-04,3.928666320367000110e-04,3.928666320367000110e-04
1.000000000000000000e+00,1.000000000000000000e+00,1.000000000000000000e+00,1.000000000000000000e+00,1.000000000000000000e+00,6.900000000000000000e+01,2.000000000000000000e+00,1.000000000000000000e+00,1.000000000000000000e+00,1.000000000000000000e+00,1.000000000000000000e+00,2.000000000000000000e+00,1.000000000000000000e+00,1.000000000000000000e+00,8.418415854502000030e-04,8.418415854502000030e-04,8.418415854502000030e-04,8.418415854502000030e-04,8.418415854502000030e-04,8.418415854502000030e-04,8.418415854502000030e-04
1.347934047139331959e-01,1.563624013615622088e-01,1.317034244330411163e-01,2.455631556973619511e-01,2.192897076337814444e-01,7.000000000000000000e+01,0.000000000000000000e+00,1.563624013615622088e-01,1.317034244330411163e-01,1.347934047139331959e-01,2.192897076337814444e-01,0.000000000000000000e+00,1.317034244330411163e-01,1.317034244330411163e-01,6.244375373512999969e-04,6.244375373512999969e-04,6.244375373512999969e-04,6.244375373512999969e-04,6.244375373512999969e-04,6.244375373512999969e-04,6.244375373512999969e-04
1.000000000000000000e+00,1.000000000000000000e+00,1.000000000000000000e+00,1.000000000000000000e+00,1.000000000000000000e+00,7.100000000000000000e+01,2.000000000000000000e+00,1.000000000000000000e+00,1.000000000000000000e+00,1.000000000000000000e+00,1.000000000000000000e+00,2.000000000000000000e+00,1.000000000000000000e+00,1.000000000000000000e+00,1.033736626801900040e-03,1.033736626801900040e-03,1.033736626801900040e-03,1.033736626801900040e-03,1.033736626801900040e-03,1.033736626801900040e-03,1.033736626801900040e-03
1.000000000000000000e+00,1.000000000000000000e+00,1.000000000000000000e+00,1.000000000000000000e+00,1.000000000000000000e+00,7.200000000000000000e+01,2.000000000000000000e+00,1.000000000000000000e+00,1.000000000000000000e+00,1.000000000000000000e+00,1.000000000000000000e+00,2.000000000000000000e+00,1.000000000000000000e+00,1.000000000000000000e+00,6.243434514057999690e-04,6.243434514057999690e-04,6.243434514057999690e-04,6.243434514057999690e-04,6.243434514057999690e-04,6.243434514057999690e-04,6.243434514057999690e-04
1.000000000000000000e+00,1.000000000000000000e+00,1.000000000000000000e+00,1.000000000000000000e+00,1.000000000000000000e+00,7.300000000000000000e+01,2.000000000000000000e+00,1.000000000000000000e+00,1.000000000000000000e+00,1.000000000000000000e+00,1.000000000000000000e+00,2.000000000000000000e+00,1.000000000000000000e+00,1.000000000000000000e+00,1.032646374654000009e-03,1.032646374654000009e-03,1.032646374654000009e-03,1.032646374654000009e-03,1.032646374654000009e-03,1.032646374654000009e-03,1.032646374654000009e-03
1.000000000000000000e+00,1.000000000000000000e+00,1.000000000000000000e+00,1.000000000000000000e+00,1.000000000000000000e+00,7.400000000000000000e+01,2.000000000000000000e+00,1.000000000000000000e+00,1.000000000000000000e+00,1.000000000000000000e+00,1.000000000000000000e+00,2.000000000000000000e+00,1.000000000000000000e+00,1.000000000000000000e+00,6.241945003735000202e-04,6.241945003735000202e-04,6.241945003735000202e-04,6.241945003735000202e-04,6.241945003735000202e-04,6.241945003735000202e-04,6.241945003735000202e-04
1.000000000000000000e+00,1.000000000000000000e+00,1.000000000000000000e+00,1.000000000000000000e+00,1.000000000000000000e+00,7.500000000000000000e+01,2.000000000000000000e+00,1.000000000000000000e+00,1.000000000000000000e+00,1.000000000000000000e+00,1.000000000000000000e+00,2.000000000000000000e+00,1.000000000000000000e+00,1.000000000000000000e+00,1.031742388869800065e-03,1.031742388869800065e-03,1.031742388869800065e-03,1.031742388869800065e-03,1.031742388869800065e-03,1.031742388869800065e-03,1.031742388869800065e-03
1.000000000000000000e+00,1.000000000000000000e+00,1.000000000000000000e+00,1.000000000000000000e+00,1.000000000000000000e+00,7.600000000000000000e+01,2.000000000000000000e+00,1.000000000000000000e+00,1.000000000000000000e+00,1.000000000000000000e+00,1.000000000000000000e+00,2.000000000000000000e+00,1.000000000000000000e+00,1.000000000000000000e+00,6.241725521466000206e-04,6.241725521466000206e-04,6.241725521466000206e-04,6.241725521466000206e-04,6.241725521466000206e-04,6.241725521466000206e-04,6.241725521466000206e-04
1.000000000000000000e+00,1.000000000000000000e+00,1.000000000000000000e+00,1.000000000000000000e+00,1.000000000000000000e+00,7.700000000000000000e+01,2.000000000000000000e+00,1.000000000000000000e+00,1.000000000000000000e+00,1.000000000000000000e+00,1.000000000000000000e+00,2.000000000000000000e+00,1.000000000000000000e+00,1.000000000000000000e+00,1.031259784598400004e-03,1.031259784598400004e-03,1.031259784598400004e-03,1.031259784598400004e-03,1.031259784598400004e-03,1.031259784598400004e-03,1.031259784598400004e-03
1.000000000000000000e+00,1.000000000000000000e+00,1.000000000000000000e+00,1.000000000000000000e+00,1.000000000000000000e+00,7.800000000000000000e+01,2.000000000000000000e+00,1.000000000000000000e+00,1.000000000000000000e+00,1.000000000000000000e+00,1.000000000000000000e+00,2.000000000000000000e+00,1.000000000000000000e+00,1.000000000000000000e+00,6.241218812825000432e-04,6.241218812825000432e-04,6.241218812825000432e-04,6.241218812825000432e-04,6.241218812825000432e-04,6.241218812825000432e-04,6.241218812825000432e-04
1.000000000000000000e+00,1.000000000000000000e+00,1.000000000000000000e+00,1.000000000000000000e+00,1.000000000000000000e+00,7.900000000000000000e+01,2.000000000000000000e+00,1.000000000000000000e+00,1.000000000000000000e+00,1.000000000000000000e+00,1.000000000000000000e+00,2.000000000000000000e+00,1.000000000000000000e+00,1.000000000000000000e+00,1.030773774537899982e-03,1.030773774537899982e-03,1.030773774537899982e-03,1.030773774537899982e-03,1.030773774537899982e-03,1.030773774537899982e-03,1.030773774537899982e-03
1.000000000000000000e+00,1.000000000000000000e+00,1.000000000000000000e+00,1.000000000000000000e+00,1.000000000000000000e+00,8.000000000000000000e+01,2.000000000000000000e+00,1.000000000000000000e+00,1.000000000000000000e+00,1.000000000000000000e+00,1.000000000000000000e+00,2.000000000000000000e+00,1.000000000000000000e+00,1.000000000000000000e+00,9.258595809079000300e-04,9.258595809079000300e-04,9.258595809079000300e-04,9.258595809079000300e-04,9.258595809079000300e-04,9.258595809079000300e-04,9.258595809079000300e-04
1.000000000000000000e+00,1.000000000000000000e+00,1.000000000000000000e+00,1.000000000000000000e+00,1.000000000000000000e+00,8.100000000000000000e+01,2.000000000000000000e+00,1.000000000000000000e+00,1.000000000000000000e+00,1.000000000000000000e+00,1.000000000000000000e+00,2.000000000000000000e+00,1.000000000000000000e+00,1.000000000000000000e+00,1.504670344792100089e-03,1.504670344792100089e-03,1.504670344792100089e-03,1.504670344792100089e-03,1.504670344792100089e-03,1.504670344792100089e-03,1.504670344792100089e-03
1.000000000000000000e+00,1.000000000000000000e+00,1.000000000000000000e+00,1.000000000000000000e+00,1.000000000000000000e+00,8.200000000000000000e+01,2.000000000000000000e+00,1.000000000000000000e+00,1.000000000000000000e+00,1.000000000000000000e+00,1.000000000000000000e+00,2.000000000000000000e+00,1.000000000000000000e+00,1.000000000000000000e+00,9.255647456721000522e-04,9.255647456721000522e-04,9.255647456721000522e-04,9.255647456721000522e-04,9.255647456721000522e-04,9.255647456721000522e-04,9.255647456721000522e-04
1.000000000000000000e+00,1.000000000000000000e+00,1.000000000000000000e+00,1.000000000000000000e+00,1.000000000000000000e+00,8.300000000000000000e+01,2.000000000000000000e+00,1.000000000000000000e+00,1.000000000000000000e+00,1.000000000000000000e+00,1.000000000000000000e+00,2.000000000000000000e+00,1.000000000000000000e+00,1.000000000000000000e+00,1.503922661816199918e-03,1.503922661816199918e-03,1.503922661816199918e-03,1.503922661816199918e-03,1.503922661816199918e-03,1.503922661816199918e-03,1.503922661816199918e-03
1.000000000000000000e+00,1.000000000000000000e+00,1.000000000000000000e+00,1.000000000000000000e+00,1.000000000000000000e+00,8.400000000000000000e+01,2.000000000000000000e+00,1.000000000000000000e+00,1.000000000000000000e+00,1.000000000000000000e+00,1.000000000000000000e+00,2.000000000000000000e+00,1.000000000000000000e+00,1.000000000000000000e+00,9.255429056556999665e-04,9.255429056556999665e-04,9.255429056556999665e-04,9.255429056556999665e-04,9.255429056556999665e-04,9.255429056556999665e-04,9.255429056556999665e-04
1.000000000000000000e+00,1.000000000000000000e+00,1.000000000000000000e+00,1.000000000000000000e+00,1.000000000000000000e+00,8.500000000000000000e+01,2.000000000000000000e+00,1.000000000000000000e+00,1.000000000000000000e+00,1.000000000000000000e+00,1.000000000000000000e+00,2.000000000000000000e+00,1.000000000000000000e+00,1.000000000000000000e+00,1.503425714993599990e-03,1.503425714993599990e-03,1.503425714993599990e-03,1.503425714993599990e-03,1.503425714993599990e-03,1.503425714993599990e-03,1.503425714993599990e-03
1.000000000000000000e+00,1.000000000000000000e+00,1.000000000000000000e+00,1.000000000000000000e+00,1.000000000000000000e+00,8.600000000000000000e+01,2.000000000000000000e+00,1.000000000000000000e+00,1.000000000000000000e+00,1.000000000000000000e+00,1.000000000000000000e+00,2.000000000000000000e+00,1.000000000000000000e+00,1.000000000000000000e+00,8.939683621523999502e-04,8.764395707375999918e-04,1.291871927267300045e-03,1.291871927267300045e-03,8.764395707375999918e-04,8.764395707375999918e-04,8.764395707375999918e-04
1.000000000000000000e+00,1.000000000000000000e+00,1.000000000000000000e+00,1.000000000000000000e+00,1.000000000000000000e+00,8.700000000000000000e+01,2.000000000000000000e+00,1.000000000000000000e+00,1.000000000000000000e+00,1.000000000000000000e+00,1.000000000000000000e+00,2.000000000000000000e+00,1.000000000000000000e+00,1.000000000000000000e+00,1.462229514343999903e-03,1.384687040098499938e-03,2.218268638237800086e-03,2.218268638237800086e-03,1.384687040098499938e-03,1.384687040098499938e-03,1.384687040098499938e-03
1.000000000000000000e+00,1.000000000000000000e+00,1.000000000000000000e+00,1.000000000000000000e+00,1.000000000000000000e+00,8.800000000000000000e+01,2.000000000000000000e+00,1.000000000000000000e+00,1.000000000000000000e+00,1.000000000000000000e+00,1.000000000000000000e+00,2.000000000000000000e+00,1.000000000000000000e+00,1.000000000000000000e+00,8.634297362656999679e-04,8.302209002555000330e-04,1.617270313697700057e-03,1.617270313697700057e-03,8.302209002555000330e-04,8.302209002555000330e-04,8.302209002555000330e-04
1.000000000000000000e+00,1.000000000000000000e+00,1.000000000000000000e+00,1.000000000000000000e+00,1.000000000000000000e+00,8.900000000000000000e+01,2.000000000000000000e+00,1.000000000000000000e+00,1.000000000000000000e+00,1.000000000000000000e+00,1.000000000000000000e+00,2.000000000000000000e+00,1.000000000000000000e+00,1.000000000000000000e+00,1.426604274922400103e-03,1.282917513419400048e-03,2.827550199576399966e-03,2.827550199576399966e-03,1.282917513419400048e-03,1.282917513419400048e-03,1.282917513419400048e-03
1.137084246099250850e-01,2.611748276496482224e-01,4.775006322673652076e-02,3.045517531753552110e-01,1.991174745575986782e-01,9.000000000000000000e+01,0.000000000000000000e+00,2.611748276496482224e-01,4.775006322673652076e-02,1.137084246099250850e-01,1.991174745575986782e-01,0.000000000000000000e+00,4.775006322673652076e-02,4.775006322673652076e-02,1.304715089368600105e-03,1.230863291857200092e-03,2.981150892878100134e-03,2.981150892878100134e-03,1.230863291857200092e-03,1.230863291857200092e-03,1.230863291857200092e-03
1.000000000000000000e+00,1.000000000000000000e+00,1.000000000000000000e+00,1.000000000000000000e+00,1.000000000000000000e+00,9.100000000000000000e+01,2.000000000000000000e+00,1.000000000000000000e+00,1.000000000000000000e+00,1.000000000000000000e+00,1.000000000000000000e+00,2.000000000000000000e+00,1.000000000000000000e+00,1.000000000000000000e+00,2.059580799018600073e-03,1.763339725187200056e-03,4.947931268875299660e-03,4.947931268875299660e-03,1.763339725187200056e-03,1.763339725187200056e-03,1.763339725187200056e-03
1.000000000000000000e+00,1.000000000000000000e+00,1.000000000000000000e+00,1.000000000000000000e+00,1.000000000000000000e+00,9.200000000000000000e+01,2.000000000000000000e+00,1.000000000000000000e+00,1.000000000000000000e+00,1.000000000000000000e+00,1.000000000000000000e+00,2.000000000000000000e+00,1.000000000000000000e+00,1.000000000000000000e+00,1.263388281196599914e-03,1.169803964070999973e-03,3.387752279949599911e-03,3.387752279949599911e-03,1.169803964070999973e-03,1.169803964070999973e-03,1.169803964070999973e-03
1.000000000000000000e+00,1.000000000000000000e+00,1.000000000000000000e+00,1.000000000000000000e+00,1.000000000000000000e+00,9.300000000000000000e+01,2.000000000000000000e+00,1.000000000000000000e+00,1.000000000000000000e+00,1.000000000000000000e+00,1.000000000000000000e+00,2.000000000000000000e+00,1.000000000000000000e+00,1.000000000000000000e+00,2.021749769584699988e-03,1.651756347699900006e-03,5.629185632961400398e-03,5.629185632961400398e-03,1.651756347699900006e-03,1.651756347699900006e-03,1.651756347699900006e-03
1.000000000000000000e+00,1.000000000000000000e+00,1.000000000000000000e+00,1.000000000000000000e+00,1.000000000000000000e+00,9.400000000000000000e+01,2.000000000000000000e+00,1.000000000000000000e+00,1.000000000000000000e+00,1.000000000000000000e+00,1.000000000000000000e+00,2.000000000000000000e+00,1.000000000000000000e+00,1.000000000000000000e+00,1.225668695979300086e-03,1.114244269072100016e-03,3.755003186773099837e-03,3.755003186773099837e-03,1.114244269072100016e-03,1.114244269072100016e-03,1.114244269072100016e-03
1.000000000000000000e+00,1.000000000000000000e+00,1.000000000000000000e+00,1.000000000000000000e+00,1.000000000000000000e+00,9.500000000000000000e+01,2.000000000000000000e+00,1.000000000000000000e+00,1.000000000000000000e+00,1.000000000000000000e+00,1.000000000000000000e+00,2.000000000000000000e+00,1.000000000000000000e+00,1.000000000000000000e+00,1.990189323258000076e-03,1.554835408795299983e-03,6.234889989269199947e-03,6.234889989269199947e-03,1.554835408795299983e-03,1.554835408795299983e-03,1.554835408795299983e-03
1.000000000000000000e+00,1.000000000000000000e+00,1.000000000000000000e+00,1.000000000000000000e+00,1.000000000000000000e+00,9.600000000000000000e+01,2.000000000000000000e+00,1.000000000000000000e+00,1.000000000000000000e+00,1.000000000000000000e+00,1.000000000000000000e+00,2.000000000000000000e+00,1.000000000000000000e+00,1.000000000000000000e+00,1.285609817977599991e-03,1.100693337309500020e-03,3.671912973264800182e-03,3.671912973264800182e-03,1.100693337309500020e-03,1.100693337309500020e-03,1.100693337309500020e-03
1.000000000000000000e+00,1.000000000000000000e+00,1.000000000000000000e+00,1.000000000000000000e+00,1.000000000000000000e+00,9.700000000000000000e+01,2.000000000000000000e+00,1.000000000000000000e+00,1.000000000000000000e+00,1.000000000000000000e+00,1.000000000000000000e+00,2.000000000000000000e+00,1.000000000000000000e+00,1.000000000000000000e+00,1.963142216303699963e-03,1.563011318713099966e-03,6.286431523864400087e-03,6.286431523864400087e-03,1.563011318713099966e-03,1.563011318713099966e-03,1.563011318713099966e-03
1.000000000000000000e+00,1.000000000000000000e+00,1.000000000000000000e+00,1.000000000000000000e+00,1.000000000000000000e+00,9.800000000000000000e+01,2.000000000000000000e+00,1.000000000000000000e+00,1.000000000000000000e+00,1.000000000000000000e+00,1.000000000000000000e+00,2.000000000000000000e+00,1.000000000000000000e+00,1.000000000000000000e+00,1.344117623737300015e-03,1.087473805612700073e-03,3.590838506133300044e-03,3.590838506133300044e-03,1.087473805612700073e-03,1.087473805612700073e-03,1.087473805612700073e-03
1.000000000000000000e+00,1.000000000000000000e+00,1.000000000000000000e+00,1.000000000000000000e+00,1.000000000000000000e+00,9.900000000000000000e+01,2.000000000000000000e+00,1.000000000000000000e+00,1.000000000000000000e+00,1.000000000000000000e+00,1.000000000000000000e+00,2.000000000000000000e+00,1.000000000000000000e+00,1.000000000000000000e+00,1.935904504568799946e-03,1.571351058903299900e-03,6.338830171615899602e-03,6.338830171615899602e-03,1.571351058903299900e-03,1.571351058903299900e-03,1.571351058903299900e-03
1.000000000000000000e+00,1.000000000000000000e+00,1.000000000000000000e+00,1.000000000000000000e+00,1.000000000000000000e+00,1.000000000000000000e+02,2.000000000000000000e+00,1.000000000000000000e+00,1.000000000000000000e+00,1.000000000000000000e+00,1.000000000000000000e+00,2.000000000000000000e+00,1.000000000000000000e+00,1.000000000000000000e+00,2.295423597215500138e-03,1.760294169643800014e-03,5.752641346395999736e-03,5.752641346395999736e-03,1.760294169643800014e-03,1.760294169643800014e-03,1.760294169643800014e-03
1.000000000000000000e+00,1.000000000000000000e+00,1.000000000000000000e+00,1.000000000000000000e+00,1.000000000000000000e+00,1.010000000000000000e+02,2.000000000000000000e+00,1.000000000000000000e+00,1.000000000000000000e+00,1.000000000000000000e+00,1.000000000000000000e+00,2.000000000000000000e+00,1.000000000000000000e+00,1.000000000000000000e+00,3.025575456455099812e-03,2.504615444085399930e-03,1.013367408676950007e-02,1.013367408676950007e-02,2.504615444085399930e-03,2.504615444085399930e-03,2.504615444085399930e-03
1.000000000000000000e+00,1.000000000000000000e+00,1.000000000000000000e+00,1.000000000000000000e+00,1.000000000000000000e+00,1.020000000000000000e+02,2.000000000000000000e+00,1.000000000000000000e+00,1.000000000000000000e+00,1.000000000000000000e+00,1.000000000000000000e+00,2.000000000000000000e+00,1.000000000000000000e+00,1.000000000000000000e+00,2.398838497369899965e-03,1.748424560765200059e-03,5.654405029514799827e-03,5.654405029514799827e-03,1.748424560765200059e-03,1.748424560765200059e-03,1.748424560765200059e-03
1.000000000000000000e+00,1.000000000000000000e+00,1.000000000000000000e+00,1.000000000000000000e+00,1.000000000000000000e+00,1.030000000000000000e+02,2.000000000000000000e+00,1.000000000000000000e+00,1.000000000000000000e+00,1.000000000000000000e+00,1.000000000000000000e+00,2.000000000000000000e+00,1.000000000000000000e+00,1.000000000000000000e+00,2.973476103973899873e-03,2.511381844572599820e-03,1.019118752527570053e-02,1.019118752527570053e-02,2.511381844572599820e-03,2.511381844572599820e-03,2.511381844572599820e-03
1.000000000000000000e+00,1.000000000000000000e+00,1.000000000000000000e+00,1.000000000000000000e+00,1.000000000000000000e+00,1.040000000000000000e+02,2.000000000000000000e+00,1.000000000000000000e+00,1.000000000000000000e+00,1.000000000000000000e+00,1.000000000000000000e+00,2.000000000000000000e+00,1.000000000000000000e+00,1.000000000000000000e+00,2.497699051067800088e-03,1.734513229908199927e-03,5.550442335706299614e-03,5.550442335706299614e-03,1.734513229908199927e-03,1.734513229908199927e-03,1.734513229908199927e-03
1.000000000000000000e+00,1.000000000000000000e+00,1.000000000000000000e+00,1.000000000000000000e+00,1.000000000000000000e+00,1.050000000000000000e+02,2.000000000000000000e+00,1.000000000000000000e+00,1.000000000000000000e+00,1.000000000000000000e+00,1.000000000000000000e+00,2.000000000000000000e+00,1.000000000000000000e+00,1.000000000000000000e+00,2.922694952134500136e-03,2.519564613909099950e-03,1.025462797861009974e-02,1.025462797861009974e-02,2.519564613909099950e-03,2.519564613909099950e-03,2.519564613909099950e-03
1.000000000000000000e+00,1.000000000000000000e+00,1.000000000000000000e+00,1.000000000000000000e+00,1.000000000000000000e+00,1.060000000000000000e+02,2.000000000000000000e+00,1.000000000000000000e+00,1.000000000000000000e+00,1.000000000000000000e+00,1.000000000000000000e+00,2.000000000000000000e+00,1.000000000000000000e+00,1.000000000000000000e+00,2.524080989623000027e-03,1.721746923344499944e-03,5.609451476256400310e-03,5.609451476256400310e-03,1.721746923344499944e-03,1.721746923344499944e-03,1.721746923344499944e-03
1.000000000000000000e+00,1.000000000000000000e+00,1.000000000000000000e+00,1.000000000000000000e+00,1.000000000000000000e+00,1.070000000000000000e+02,2.000000000000000000e+00,1.000000000000000000e+00,1.000000000000000000e+00,1.000000000000000000e+00,1.000000000000000000e+00,2.000000000000000000e+00,1.000000000000000000e+00,1.000000000000000000e+00,2.992091894591400198e-03,2.497572533047900077e-03,1.014014448417479945e-02,1.014014448417479945e-02,2.497572533047900077e-03,2.497572533047900077e-03,2.497572533047900077e-03
1.000000000000000000e+00,1.000000000000000000e+00,1.000000000000000000e+00,1.000000000000000000e+00,1.000000000000000000e+00,1.080000000000000000e+02,2.000000000000000000e+00,1.000000000000000000e+00,1.000000000000000000e+00,1.000000000000000000e+00,1.000000000000000000e+00,2.000000000000000000e+00,1.000000000000000000e+00,1.000000000000000000e+00,2.550151904626599825e-03,1.709217094253699968e-03,5.667763884545399741e-03,5.667763884545399741e-03,1.709217094253699968e-03,1.709217094253699968e-03,1.709217094253699968e-03
1.071448879262549975e-01,3.409086603983399466e-01,2.704385821826079533e-02,4.397558103288537468e-02,3.830472922893631699e-02,1.090000000000000000e+02,0.000000000000000000e+00,3.409086603983399466e-01,2.704385821826079533e-02,1.071448879262549975e-01,3.830472922893631699e-02,0.000000000000000000e+00,2.704385821826079533e-02,2.704385821826079533e-02,3.059516219545799914e-03,2.475336747205300093e-03,1.002511382618159926e-02,1.002511382618159926e-02,2.475336747205300093e-03,2.475336747205300093e-03,2.475336747205300093e-03
