year,age,sex,smoking,vaping
2021,0,male,0.0,0.0
2021,1,male,0.0,0.0
2021,2,male,0.0,0.0
2021,3,male,0.0,0.0
2021,4,male,0.0,0.0
2021,5,male,0.0,0.0
2021,6,male,0.0,0.0
2021,7,male,0.0,0.0
2021,8,male,0.0,0.0
2021,9,male,0.0,0.0
2021,10,male,0.0,0.0
2021,11,male,0.0,0.0
2021,12,male,0.0,0.0
2021,13,male,0.0,0.0
2021,14,male,0.0,0.0
2021,15,male,0.0166643482052671,0.0659739675762492
2021,16,male,0.027765558266248,0.0909463283095375
2021,17,male,0.0459166894596525,0.1106775762963332
2021,18,male,0.0698081708567327,0.1392087174241383
2021,19,male,0.1047658730634441,0.1790002735930032
2021,20,male,0.1194470635439271,0.1953634646306585
2021,21,male,0.1358733296536095,0.2035950452083769
2021,22,male,0.1415953906552686,0.2036950153261583
2021,23,male,0.1475172886235711,0.1956633749840026
2021,24,male,0.1471068630083638,0.1795001241819099
2021,25,male,0.146697382787589,0.1626012924246304
2021,26,male,0.1502248149082394,0.1478110970696862
2021,27,male,0.1538217763054405,0.1393280753488103
2021,28,male,0.1545552213921654,0.1319467404405371
2021,29,male,0.1552915218487696,0.1256670923448668
2021,30,male,0.1506332794969928,0.1204891310617992
2021,31,male,0.1460906029248649,0.1215633725835819
2021,32,male,0.143447487352202,0.1176831996963138
2021,33,male,0.1408443043631063,0.1144519210069455
2021,34,male,0.1370001309724627,0.1118695365154769
2021,35,male,0.1332446074724139,0.1095873531326544
2021,36,male,0.1271460207886784,0.1061457380248812
2021,37,male,0.1212875059044419,0.1036852009300292
2021,38,male,0.1195446581373965,0.1010917622167746
2021,39,male,0.1178234962651205,0.0983654218851175
2021,40,male,0.1161238467342777,0.0955061799350578
2021,41,male,0.1159580971419163,0.0911001220887458
2021,42,male,0.1157925531388981,0.08822367721447
2021,43,male,0.1156272145586745,0.0853386308780861
2021,44,male,0.1154620812345732,0.0824449830795941
2021,45,male,0.1152971529998011,0.0794573780511733
2021,46,male,0.1140955086116619,0.0752120159297615
2021,47,male,0.112904789680165,0.0722443905385413
2021,48,male,0.1117249301220679,0.0691668579657646
2021,49,male,0.1105558635470417,0.0659794182114314
2021,50,male,0.1093975232761406,0.0626820712755416
2021,51,male,0.1091795072642028,0.0578933226641267
2021,52,male,0.1089618725748299,0.0546190614959316
2021,53,male,0.1087446187528551,0.0513563432115838
2021,54,male,0.1085277453427969,0.0481051678110833
2021,55,male,0.1083112518888625,0.0440654805468182
2021,56,male,0.1063774361109019,0.0378772644615065
2021,57,male,0.1044741018446838,0.0343512506021567
2021,58,male,0.1026009125486535,0.0313048075674933
2021,59,male,0.1007575301733404,0.0287379353575162
2021,60,male,0.0989436153946515,0.0266506339722255
2021,61,male,0.0938187492987084,0.0273228770025252
2021,62,male,0.0889331306140829,0.0257938427890856
2021,63,male,0.0842782689806698,0.0245439421615716
2021,64,male,0.0798456954991315,0.0235731751199831
2021,65,male,0.0756269975100309,0.022781538829217
2021,66,male,0.0710101474734613,0.0216003077171011
2021,67,male,0.0666548217321663,0.0206984137782621
2021,68,male,0.0625486391696767,0.0197049946148139
2021,69,male,0.0586795092109424,0.0186200502267563
2021,70,male,0.0550356647572218,0.0174435806140894
2021,71,male,0.0501086274942688,0.0153821837278163
2021,72,male,0.0456013946904669,0.0141621629272928
2021,73,male,0.0414818791999503,0.0129203665328411
2021,74,male,0.0377198023897118,0.0116567945444611
2021,75,male,0.0342867114833887,0.0100387491472696
2021,76,male,0.0311420834970742,0.0075526754574016
2021,77,male,0.0282774220157215,0.006165484015903
2021,78,male,0.0256692900937092,0.0049944453891353
2021,79,male,0.0232959487911261,0.0040395595770983
2021,80,male,0.0211372823465018,0.0033008265797921
2021,81,male,0.0204957778797907,0.0038518474654485
2021,82,male,0.0198733474327569,0.003356655074618
2021,83,male,0.0192694475382454,0.0029832329870254
2021,84,male,0.0186835487946106,0.0027315812026706
2021,85,male,0.0181151355881131,0.0024849757413936
2021,86,male,0.0175637058152127,0.0020356192439119
2021,87,male,0.0170287706052138,0.0017647814553238
2021,88,male,0.0165098540436791,0.0015169302345222
2021,89,male,0.0160064928969993,0.001292065581507
2021,90,male,0.015518236338473,0.0010901874962782
2021,91,male,0.0150446456762217,0.0009112959788359
2021,92,male,0.014585294083237,0.00075539102918
2021,93,male,0.01413976632983,0.0006224726473105
2021,94,male,0.0137076585187302,0.0005125408332275
2021,95,male,0.013288577823054,0.0004255955869309
2021,96,male,0.0128821422273438,0.0003616369084208
2021,97,male,0.0124879802718582,0.000320664797697
2021,98,male,0.0121057308002713,0.0003026792547597
2021,99,male,0.0117350427109242,0.0003076802796089
2021,100,male,0.0113755747117526,0.0002881161822891
2021,101,male,0.0110269950789999,0.0002117504501971
2021,102,male,0.0106889814198081,0.0001720278761299
2021,103,male,0.0103612204387674,0.000141255633258
2021,104,male,0.0100434077084917,0.0001194337215814
2021,105,male,0.0097352474442721,0.0001065621411002
2021,106,male,0.0094364522828551,0.0001511266660149
2021,107,male,0.0091467430653767,0.0001476307766363
2021,108,male,0.0088658486244755,0.0001488227328089
2021,109,male,0.0085935055756005,0.0001547025345329
2022,0,male,0.0,0.0
2022,1,male,0.0,0.0
2022,2,male,0.0,0.0
2022,3,male,0.0,0.0
2022,4,male,0.0,0.0
2022,5,male,0.0,0.0
2022,6,male,0.0,0.0
2022,7,male,0.0,0.0
2022,8,male,0.0,0.0
2022,9,male,0.0,0.0
2022,10,male,0.0,0.0
2022,11,male,0.0,0.0
2022,12,male,0.0,0.0
2022,13,male,0.0,0.0
2022,14,male,0.0,0.0
2022,15,male,0.0155110333530335,0.0811752849672477
2022,16,male,0.025864153251885,0.1079068076833242
2022,17,male,0.042827036568099,0.1290280108170144
2022,18,male,0.0652207984346699,0.1597534400258848
2022,19,male,0.0981236179728158,0.202646374363623
2022,20,male,0.1119904469093906,0.2200631444400909
2022,21,male,0.1275398085772293,0.2285370989309394
2022,22,male,0.1329649199014207,0.2280682378361684
2022,23,male,0.1385841415532145,0.218656561155778
2022,24,male,0.1381945408846839,0.2003020688897682
2022,25,male,0.1378058602791131,0.1809882706390397
2022,26,male,0.1411548576375625,0.1636176427811296
2022,27,male,0.14457159620292,0.1536944484617765
2022,28,male,0.1452685070388246,0.1450970335444931
2022,29,male,0.1459682040974447,0.1378253980292793
2022,30,male,0.1415427685396459,0.1318795419161351
2022,31,male,0.1372299434739628,0.133522556992084
2022,32,male,0.1347218454708563,0.1291270567315145
2022,33,male,0.1322525603306601,0.1255067343972324
2022,34,male,0.1286077854176459,0.1226615899892376
2022,35,male,0.1250489824034149,0.1201835827043577
2022,36,male,0.1192738892054497,0.1164259845441544
2022,37,male,0.1137308368241449,0.1137326527033015
2022,38,male,0.11208272453953,0.1108887077418746
2022,39,male,0.1104555190341262,0.1078941496598739
2022,40,male,0.1088490411336151,0.1047489784572993
2022,41,male,0.108692398339045,0.0998724894410685
2022,42,male,0.108535953511624,0.0967040180972287
2022,43,male,0.1083797064801564,0.0935238966827564
2022,44,male,0.1082236570733624,0.0903321251976514
2022,45,male,0.1080678051198806,0.087072546427831
2022,46,male,0.1069323992357788,0.0824649155408773
2022,47,male,0.1058075072929042,0.0792014774862997
2022,48,male,0.1046930616034446,0.0757846921277688
2022,49,male,0.1035889942815283,0.0722145594652845
2022,50,male,0.1024952372598571,0.0684910794988469
2022,51,male,0.1022893968006753,0.0628862761169443
2022,52,male,0.1020839227098893,0.0591599215182503
2022,53,male,0.1018788145241879,0.0554321296034282
2022,54,male,0.1016740717800778,0.0517029003724779
2022,55,male,0.1014696940138856,0.0470062790549574
2022,56,male,0.0996443789891765,0.0397886485446183
2022,57,male,0.097848323446422,0.0357245087217546
2022,58,male,0.0960811864797473,0.0322584599794474
2022,59,male,0.0943426264837364,0.0293905023176967
2022,60,male,0.0926323013606524,0.0271206357365025
2022,61,male,0.0878024805815531,0.0283681250395151
2022,62,male,0.083201394009247,0.0267811632913197
2022,63,male,0.0788205831492462,0.0255356539596236
2022,64,male,0.0746516534485386,0.0246315970444269
2022,65,male,0.0706863042004741,0.0239921290881934
2022,66,male,0.0663494224096031,0.0230381421581619
2022,67,male,0.0622607985605191,0.0222357949033909
2022,68,male,0.0584083644655079,0.0213003628741532
2022,69,male,0.054780377537632,0.0202318460704488
2022,70,male,0.0513654467995842,0.0190302444922778
2022,71,male,0.0467507280281488,0.0166577049292792
2022,72,male,0.0425320116567992,0.015372413487513
2022,73,male,0.0386785392896514,0.0140452771139492
2022,74,male,0.0351613768078161,0.0126762958085878
2022,75,male,0.0319534103494226,0.0109127674192164
2022,76,male,0.0290163526217499,0.0082100095919511
2022,77,male,0.0263419139380563,0.0067019229779561
2022,78,male,0.023907908913385,0.0054288379139734
2022,79,male,0.0216937960747882,0.0043907544000028
2022,80,male,0.0196805980227508,0.0035876724360445
2022,81,male,0.0190824412517212,0.0041868279041493
2022,82,male,0.0185021212720844,0.0036485207532614
2022,83,male,0.0179391267679834,0.0032426010089087
2022,84,male,0.0173929598460859,0.0029690686710912
2022,85,male,0.016863135758428,0.0027010398367787
2022,86,male,0.0163491826261529,0.0022126321964473
2022,87,male,0.0158506411645213,0.0019182564797882
2022,88,male,0.015367064409537,0.0016488642646454
2022,89,male,0.0148980174465045,0.0014044555510188
2022,90,male,0.0144430771408074,0.0011850303389083
2022,91,male,0.0140018318711694,0.0009905886283141
2022,92,male,0.0135738812656362,0.0008211304192361
2022,93,male,0.0131588359404933,0.0006766557116743
2022,94,male,0.0127563172423149,0.0005571645056286
2022,95,male,0.0123659569933134,0.0004626568010992
2022,96,male,0.0119873972401471,0.000393132598086
2022,97,male,0.0116202900063197,0.000348591896589
2022,98,male,0.0112642970482933,0.0003290346966082
2022,99,male,0.010919089615417,0.0003344609981436
2022,100,male,0.0105843482137596,0.0003131882018893
2022,101,male,0.0102597623739257,0.0002301770841873
2022,102,male,0.0099450304229127,0.0001869978311246
2022,103,male,0.0096398592600638,0.0001535477717195
2022,104,male,0.0093439641371566,0.0001298269059719
2022,105,male,0.0090570684426539,0.000115835233882
2022,106,male,0.0087789034901416,0.000164277786866
2022,107,male,0.0085092083109629,0.0001604776833806
2022,108,male,0.0082477294510525,0.0001617733641976
2022,109,male,0.0079942207719685,0.0001681648293169
2023,0,male,0.0,0.0
2023,1,male,0.0,0.0
2023,2,male,0.0,0.0
2023,3,male,0.0,0.0
2023,4,male,0.0,0.0
2023,5,male,0.0,0.0
2023,6,male,0.0,0.0
2023,7,male,0.0,0.0
2023,8,male,0.0,0.0
2023,9,male,0.0,0.0
2023,10,male,0.0,0.0
2023,11,male,0.0,0.0
2023,12,male,0.0,0.0
2023,13,male,0.0,0.0
2023,14,male,0.0,0.0
2023,15,male,0.0144363658860795,0.0953507666038229
2023,16,male,0.0240897315009674,0.1236703649069171
2023,17,male,0.0399365786733173,0.1460463438130657
2023,18,male,0.0609151392495865,0.1787605653245844
2023,19,male,0.0918592767827641,0.2244660458111723
2023,20,male,0.1049438413392483,0.242829679447055
2023,21,male,0.119646638009948,0.2515079637321304
2023,22,male,0.1247840212192388,0.2505008986663986
2023,23,male,0.1301093919018273,0.2398084842498593
2023,24,male,0.1297400278954688,0.2194307204825128
2023,25,male,0.12937155652037,0.1978843123647334
2023,26,male,0.1325470919707628,0.1781182359228226
2023,27,male,0.1357884166930953,0.1668588009185321
2023,28,male,0.1364497415977726,0.157133725346495
2023,29,male,0.1371137763183291,0.1489430092067112
2023,30,male,0.132915008556757,0.1422866524991807
2023,31,male,0.1288256215701716,0.1444642700365907
2023,32,male,0.1264486139041842,0.1395931834352922
2023,33,male,0.1241092170154052,0.1356147318871098
2023,34,male,0.120657660654415,0.1325289153920434
2023,35,male,0.1172892403974293,0.1298726256741373
2023,36,male,0.1118267102695033,0.1258266217189424
2023,37,male,0.1065878675767384,0.1229205855874902
2023,38,male,0.105030999468222,0.1198475893269803
2023,39,male,0.1034942373735843,0.1166076329374125
2023,40,male,0.101977398354265,0.1132007164187868
2023,41,male,0.1018295144484971,0.1078926846717596
2023,42,male,0.101681820716048,0.1044567542861118
2023,43,male,0.1015343169827671,0.1010063169669528
2023,44,male,0.1013870030744556,0.0975413727142828
2023,45,male,0.1012398788168682,0.0940336330837371
2023,46,male,0.1001681535945694,0.0890962553047063
2023,47,male,0.0991065226067441,0.0855620533148338
2023,48,male,0.0980549172033958,0.08183375788188
2023,49,male,0.0970132686342112,0.0779113690058447
2023,50,male,0.0959815080633748,0.0737948866867279
2023,51,male,0.0957873529429969,0.0674328656748295
2023,52,male,0.0955935490371846,0.0632888901398268
2023,53,male,0.0954000958785485,0.0591311679968811
2023,54,male,0.0952069929996344,0.0549596992459923
2023,55,male,0.0950142399329253,0.0496540663802386
2023,56,male,0.0932929934418192,0.0414816870771293
2023,57,male,0.0915997723867352,0.0369193321359337
2023,58,male,0.0899342342946527,0.0330656955367733
2023,59,male,0.0882960367081912,0.029920777279648
2023,60,male,0.0866848373675836,0.0274845773645579
2023,61,male,0.0821370447136237,0.0292740042368479
2023,62,male,0.0778075189859251,0.0276368834769761
2023,63,male,0.0736878854375104,0.0263993022947136
2023,64,male,0.069769869743772,0.0255612606900602
2023,65,male,0.0660453233510836,0.0250680785013364
2023,66,male,0.0619741949873777,0.0243325479294823
2023,67,male,0.0581383952363743,0.023627059063592
2023,68,male,0.0545262061589036,0.0227494620766448
2023,69,male,0.0511262630750377,0.0216997569686408
2023,70,male,0.0479275743701333,0.02047794373958
2023,71,male,0.0436075192318028,0.0178174062919555
2023,72,male,0.0396606403717997,0.0164740785522109
2023,73,male,0.0360575220169586,0.0150699935571244
2023,74,male,0.0327705722585358,0.013605151306696
2023,75,male,0.0297740009241292,0.0117089380061079
2023,76,male,0.0270316738577788,0.0088087876494076
2023,77,male,0.0245355407557998,0.0071905696737911
2023,78,male,0.022264628725521,0.0058245241745882
2023,79,male,0.0201995508126376,0.0047106511517989
2023,80,male,0.0183224226161579,0.0038489506054232
2023,81,male,0.0177647971300899,0.0044919589303592
2023,82,male,0.0172238446866452,0.0039143771574881
2023,83,male,0.0166990846330195,0.0034788547713692
2023,84,male,0.0161900490984923,0.0031853917720026
2023,85,male,0.0156962827199109,0.0028978493545418
2023,86,male,0.015217342368894,0.0023738712989498
2023,87,male,0.0147527968810606,0.0020580556189453
2023,88,male,0.0143022267875658,0.0017690423579195
2023,89,male,0.0138652240491965,0.0015068315158725
2023,90,male,0.013441391793259,0.0012714230928043
2023,91,male,0.0130303440534657,0.0010628170887149
2023,92,male,0.0126317055130083,0.0008810135036042
2023,93,male,0.0122451112509849,0.0007260123374723
2023,94,male,0.0118702064923279,0.0005978135903192
2023,95,male,0.011506646361365,0.0004964172621449
2023,96,male,0.0111540956391263,0.0004218233529493
2023,97,male,0.0108122285244978,0.0003740318627325
2023,98,male,0.0104807283993047,0.0003530427914945
2023,99,male,0.0101592875973981,0.0003588561392352
2023,100,male,0.0098476071778002,0.0003360266496512
2023,101,male,0.0095453967019611,0.0002469621587255
2023,102,male,0.0092523740151582,0.0002006341691857
2023,103,male,0.0089682650320686,0.0001647448498412
2023,104,male,0.008692803526532,0.000139294200692
2023,105,male,0.008425730925511,0.000124282221738
2023,106,male,0.0081667961072526,0.0001762573238701
2023,107,male,0.0079157552036436,0.0001721801075675
2023,108,male,0.0076723714067477,0.0001735702725907
2023,109,male,0.0074364147795061,0.0001804278189397
2024,0,male,0.0,0.0
2024,1,male,0.0,0.0
2024,2,male,0.0,0.0
2024,3,male,0.0,0.0
2024,4,male,0.0,0.0
2024,5,male,0.0,0.0
2024,6,male,0.0,0.0
2024,7,male,0.0,0.0
2024,8,male,0.0,0.0
2024,9,male,0.0,0.0
2024,10,male,0.0,0.0
2024,11,male,0.0,0.0
2024,12,male,0.0,0.0
2024,13,male,0.0,0.0
2024,14,male,0.0,0.0
2024,15,male,0.0134351396459123,0.1087821739836009
2024,16,male,0.0224342412009004,0.1385657529762279
2024,17,male,0.037233613340586,0.162098457365464
2024,18,male,0.056876430459752,0.1966524179633222
2024,19,male,0.0859567431442853,0.2449609447156518
2024,20,male,0.0982915417396354,0.2641940374720033
2024,21,male,0.1121791499025947,0.2730490568321935
2024,22,male,0.117038521663243,0.2715260027962224
2024,23,male,0.1220794470369577,0.2596248753640899
2024,24,male,0.1217296890245887,0.2373456745357962
2024,25,male,0.1213807945261163,0.2136989261376659
2024,26,male,0.1243882127701651,0.1916715763648887
2024,27,male,0.1274593354054659,0.1791512860977338
2024,28,male,0.1280861076873453,0.1683626834956694
2024,29,male,0.1287155074110021,0.1593057685586956
2024,30,male,0.1247367389620058,0.1519805412868123
2024,31,male,0.1208638986214912,0.1546679758068208
2024,32,male,0.1186137939210063,0.1493501284142525
2024,33,male,0.1164000327435683,0.1450359709613417
2024,34,male,0.1131351808931508,0.1417255034480885
2024,35,male,0.1099505083667756,0.1389036547331222
2024,36,male,0.104789191503985,0.134589247724355
2024,37,male,0.0998429795148111,0.1314850796065031
2024,38,male,0.0983737822180295,0.1281985940657123
2024,39,male,0.0969238764238596,0.1247297911019826
2024,40,male,0.095493077099194,0.1210786707153138
2024,41,male,0.0953535980582363,0.1153673033713439
2024,42,male,0.0952143012975653,0.1116817335514324
2024,43,male,0.0950751866415913,0.1079789390148994
2024,44,male,0.0949362539147074,0.104258919761745
2024,45,male,0.094797502941293,0.1005202915788462
2024,46,male,0.0937868600434155,0.0952767561506781
2024,47,male,0.0927858872598881,0.0914899589368627
2024,48,male,0.0917945155518391,0.0874702761803512
2024,49,male,0.0908126758667418,0.0832177078811438
2024,50,male,0.0898402991514623,0.0787322540392404
2024,51,male,0.0896573346701198,0.0716556920162835
2024,52,male,0.0894747061748532,0.0671190996407872
2024,53,male,0.0892924131977985,0.0625569379984944
2024,54,male,0.0891104552711306,0.0579692070894051
2024,55,male,0.0889288319270641,0.0520893225306429
2024,56,male,0.0873071913076074,0.0430163520078353
2024,57,male,0.0857123397273901,0.0379847306687428
2024,58,male,0.0841439356109692,0.0337667298705403
2024,59,male,0.0826016380239613,0.0303623496132277
2024,60,male,0.0810851068309164,0.0277715898968052
2024,61,male,0.0768063898765918,0.0300787943803616
2024,62,male,0.072735581848388,0.0283971493880772
2024,63,male,0.0688644362441838,0.0271700617578617
2024,64,male,0.0651848378625952,0.0263975314897152
2024,65,male,0.0616888239386311,0.0260463682385854
2024,66,male,0.0578695971412187,0.0255229199113981
2024,67,male,0.0542731463766322,0.0249123395206379
2024,68,male,0.050888133365806,0.024092467258436
2024,69,male,0.0477035941212397,0.0230633031247924
2024,70,male,0.0447089532476071,0.0218248471197072
2024,71,male,0.0406666234441819,0.0188930995080109
2024,72,male,0.0369756316630659,0.0174969827904019
2024,73,male,0.0336079063814046,0.016022035716531
2024,74,male,0.0305371857894084,0.0144682582863981
2024,75,male,0.0277389805039625,0.0124486429666547
2024,76,male,0.0251792241962519,0.0093650929529601
2024,77,male,0.0228501309662703,0.0076445509811236
2024,78,male,0.0207318983458761,0.0061921354391218
2024,79,male,0.0188062490536702,0.0050078463269547
2024,80,male,0.0170563453241905,0.0040916836446223
2024,81,male,0.0165366026162704,0.0047754391422755
2024,82,male,0.0160324392393234,0.0041613681327727
2024,83,male,0.0155434037245579,0.0036983429596847
2024,84,male,0.0150690567521843,0.0033863636230115
2024,85,male,0.0146089708813434,0.0030806928592543
2024,86,male,0.0141627302824246,0.0025236690808614
2024,87,male,0.0137299304720198,0.0021879351641008
2024,88,male,0.0133101780507365,0.001880693462408
2024,89,male,0.0129030904440729,0.0016019439757828
2024,90,male,0.0125082956465327,0.0013516867042254
2024,91,male,0.0121254319691431,0.0011299216477358
2024,92,male,0.0117541477905171,0.0009366488063138
2024,93,male,0.0113941013115859,0.0007718681799596
2024,94,male,0.0110449603141119,0.0006355797686731
2024,95,male,0.0107064019230746,0.0005277835724544
2024,96,male,0.0103781123730114,0.0004484795913033
2024,97,male,0.0100597867783807,0.0003976678252201
2024,98,male,0.0097511289080015,0.0003753482742045
2024,99,male,0.009451850963615,0.0003815209382566
2024,100,male,0.0091616733626001,0.0003572450102808
2024,101,male,0.0088803245248682,0.0002625565532509
2024,102,male,0.0086075406639512,0.0002133031886246
2024,103,male,0.0083430655822888,0.0001751476427133
2024,104,male,0.008086650470717,0.0001480899155169
2024,105,male,0.0078380537121449,0.0001321300070355
2024,106,male,0.0075970406894101,0.0001873870704701
2024,107,male,0.0073633835972893,0.0001830523988558
2024,108,male,0.00713686125864,0.0001845303456749
2024,109,male,0.006917258944641,0.0001918209109276
2025,0,male,0.0,0.0
2025,1,male,0.0,0.0
2025,2,male,0.0,0.0
2025,3,male,0.0,0.0
2025,4,male,0.0,0.0
2025,5,male,0.0,0.0
2025,6,male,0.0,0.0
2025,7,male,0.0,0.0
2025,8,male,0.0,0.0
2025,9,male,0.0,0.0
2025,10,male,0.0,0.0
2025,11,male,0.0,0.0
2025,12,male,0.0,0.0
2025,13,male,0.0,0.0
2025,14,male,0.0,0.0
2025,15,male,0.0125024720205283,0.1216172611173267
2025,16,male,0.0208900839194374,0.1527653679570763
2025,17,male,0.0347069751733174,0.1773762178057674
2025,18,male,0.0530903523136444,0.2136504624089529
2025,19,male,0.0803999061313151,0.2643941368326268
2025,20,male,0.0920175738744868,0.2844346548013302
2025,21,male,0.1051220764344538,0.293444294119037
2025,22,male,0.1097135271786465,0.2914230547857472
2025,23,male,0.1144798652395885,0.2783709368014606
2025,24,male,0.1141490491057443,0.2542879401661773
2025,25,male,0.1138190660676435,0.2286468557362861
2025,26,male,0.1166640066440035,0.2044657641313242
2025,27,male,0.1195704626025254,0.1907450344173729
2025,28,male,0.120163784366088,0.1789443031215737
2025,29,male,0.1207596464410552,0.1690635702439265
2025,30,male,0.1169937819584215,0.1611028357844313
2025,31,male,0.1133302179735397,0.1642802235668251
2025,32,male,0.111202625890815,0.1585387169196802
2025,33,male,0.1091100608010092,0.1539068241787105
2025,34,male,0.10602514688511,0.150384545343916
2025,35,male,0.1030173682790095,0.1474073345207029
2025,36,male,0.0981456200822801,0.1428405551697808
2025,37,male,0.0934802493868649,0.1395499336848957
2025,38,male,0.0920951010723234,0.1360624306659274
2025,39,male,0.0907284230814937,0.1323780461128762
2025,40,male,0.0893800297718275,0.1284967800257419
2025,41,male,0.0892485985492985,0.1224046830073533
2025,42,male,0.0891173416793531,0.1184837548449621
2025,43,male,0.088986258986305,0.1145429956449426
2025,44,male,0.0888553502944785,0.1105824054072946
2025,45,male,0.0887246154282117,0.1066267311441947
2025,46,male,0.0877724381999269,0.1010959430928679
2025,47,male,0.0868295059089051,0.0970711115276638
2025,48,male,0.0858957496333573,0.0927761683376706
2025,49,male,0.0849711005137994,0.0882111135228883
2025,50,male,0.0840554897644062,0.083375947083317
2025,51,male,0.0838832205700212,0.0756190461893066
2025,52,male,0.083711272168764,0.0707098758987769
2025,53,male,0.0835396440954533,0.0657637036827682
2025,54,male,0.0833683358850374,0.0607805295412802
2025,55,male,0.0831973470725944,0.0543542507314662
2025,56,male,0.0816708525700253,0.0444240922608848
2025,57,male,0.0801699168406191,0.0389464047729765
2025,58,male,0.078694201352644,0.034382651812385
2025,59,male,0.077243368755574,0.0307328333791102
2025,60,male,0.0758170830152558,0.0279969494731523
2025,61,male,0.0717946314610535,0.0308025691562611
2025,62,male,0.0679698943816665,0.0290809157885851
2025,63,male,0.0643347911287906,0.02786637769005
2025,64,male,0.0608813980578688,0.0271589548606559
2025,65,male,0.0576019658074364,0.0269463909998883
2025,66,male,0.0540211939566738,0.0266299165388658
2025,67,male,0.0506510535826089,0.0261126819122066
2025,68,male,0.0474806083995426,0.0253504459634319
2025,69,male,0.044499311566208,0.0243432086925418
2025,70,male,0.041697015143804,0.0230909700995362
2025,71,male,0.0379161990164066,0.0199014664347796
2025,72,male,0.0344658731832829,0.0184567660766
2025,73,male,0.0313193015794677,0.0169158348358334
2025,74,male,0.0284515321749162,0.0152786727124797
2025,75,male,0.0258393471811588,0.0131430949220235
2025,76,male,0.0234506611072858,0.0098873594991876
2025,77,male,0.02127797091371,0.0080707505545598
2025,78,male,0.019302600318477,0.0065372466797423
2025,79,male,0.0175073356464871,0.005286847874735
2025,80,male,0.0158763389491115,0.0043195541395379
2025,81,male,0.0153919904589946,0.0050415678347849
2025,82,male,0.0149221942115172,0.0043932398681078
2025,83,male,0.0144665264626272,0.0039043947856907
2025,84,male,0.0140245749954967,0.0035750325875337
2025,85,male,0.0135959388563566,0.0032523436419195
2025,86,male,0.0131802280932559,0.0026642974941949
2025,87,male,0.0127770634979411,0.002309864891504
2025,88,male,0.0123860763510311,0.00198551081878
2025,89,male,0.0120069081706385,0.0016912352760232
2025,90,male,0.0116392104645802,0.0014270382632333
2025,91,male,0.0112826444862919,0.0011929197804105
2025,92,male,0.0109368809945552,0.0009888798275546
2025,93,male,0.0106016000171246,0.0008149184046659
2025,94,male,0.0102764906183331,0.0006710355117441
2025,95,male,0.0099612506707369,0.0005572311487894
2025,96,male,0.0096555866308533,0.0004735053158017
2025,97,male,0.0093592133190309,0.000419858012781
2025,98,male,0.0090718537034838,0.0003962892397274
2025,99,male,0.0087932386885093,0.0004027989966408
2025,100,male,0.0085231069069023,0.000377164991416
2025,101,male,0.0082612045165708,0.0002771967061912
2025,102,male,0.0080072850013474,0.0002251969740413
2025,103,male,0.007761108975989,0.0001849138749581
2025,104,male,0.0075224439953474,0.0001563474089416
2025,105,male,0.007291064367687,0.0001394975759918
2025,106,male,0.0070667509721258,0.0001978357731849
2025,107,male,0.0068492910801638,0.000193259400289
2025,108,male,0.006638478181265,0.0001948197574202
2025,109,male,0.0064341118124514,0.0002025168445783
2026,0,male,0.0,0.0
2026,1,male,0.0,0.0
2026,2,male,0.0,0.0
2026,3,male,0.0,0.0
2026,4,male,0.0,0.0
2026,5,male,0.0,0.0
2026,6,male,0.0,0.0
2026,7,male,0.0,0.0
2026,8,male,0.0,0.0
2026,9,male,0.0,0.0
2026,10,male,0.0,0.0
2026,11,male,0.0,0.0
2026,12,male,0.0,0.0
2026,13,male,0.0,0.0
2026,14,male,0.0,0.0
2026,15,male,0.011633786701206,0.1339492006439826
2026,16,male,0.0194500968722419,0.1663779215948959
2026,17,male,0.0323460319298937,0.1920006146919138
2026,18,male,0.0495430618404804,0.2298943525951629
2026,19,male,0.0751727574206958,0.2829315095755726
2026,20,male,0.0861058330803615,0.3037271113970442
2026,21,male,0.0984597215091881,0.3128727109528079
2026,22,male,0.1027936045618967,0.3103683082428636
2026,23,male,0.1072955478550038,0.2962139032672113
2026,24,male,0.1069829842894965,0.270409496025851
2026,25,male,0.1066712224541258,0.2428635170754828
2026,26,male,0.1093595485209399,0.2166194137730303
2026,27,male,0.1121071233882349,0.2017492207001894
2026,28,male,0.1126681504549115,0.1889797282637171
2026,29,male,0.1132316270680416,0.1783109364636134
2026,30,male,0.1096712397668352,0.1697428452998783
2026,31,male,0.1062093946686017,0.1733934262508019
2026,32,male,0.10419977450457,0.1672477523636211
2026,33,male,0.102223830053367,0.1623132871147175
2026,34,male,0.0993119095239241,0.158590030504091
2026,35,male,0.0964740236602703,0.1554660612385981
2026,36,male,0.0918800173487362,0.1506604355227851
2026,37,male,0.0874835918902196,0.1471932145529498
2026,38,male,0.0861788522224819,0.1435152171890131
2026,39,male,0.0848917613010367,0.1396264434309753
2026,40,male,0.0836221341799134,0.135526893278836
2026,41,male,0.0834983934474955,0.1290731404241181
2026,42,male,0.083374819162133,0.1249289036479041
2026,43,male,0.0832514111492182,0.1207623235596528
2026,44,male,0.0831281692341783,0.1165734001593642
2026,45,male,0.0830050932424786,0.11241235945764
2026,46,male,0.0821087663237221,0.106610269974893
2026,47,male,0.0812212610562471,0.1023596898531072
2026,48,male,0.0803425090766389,0.0978030933580244
2026,49,male,0.0794724421495536,0.0929404804896447
2026,50,male,0.0786109921774732,0.0877718512479681
2026,51,male,0.078448925626579,0.0793634696761556
2026,52,male,0.0782871648074149,0.0740986293945821
2026,53,male,0.0781257092602157,0.0687856835930601
2026,54,male,0.0779645585254235,0.0634246322715897
2026,55,male,0.0778037121436867,0.0564754640394675
2026,56,male,0.0763679360525859,0.045724739306444
2026,57,male,0.0749565019519436,0.039820560973235
2026,58,male,0.073569076198581,0.0349267598310714
2026,59,male,0.072205326790656,0.0310433358799532
2026,60,male,0.0708649234816811,0.0281702891198804
2026,61,male,0.0670861353306978,0.0314579868897477
2026,62,male,0.06349507655192,0.0297001354192127
2026,63,male,0.0600838636027646,0.0284998815934466
2026,64,male,0.056844790914469,0.0278572254124495
2026,65,male,0.0537703446751764,0.0277803756853074
2026,66,male,0.0504150196468496,0.027666564875534
2026,67,male,0.0472586132761456,0.0272413574692569
2026,68,male,0.0442906073251645,0.0265366832365041
2026,69,male,0.0415008829832704,0.0255525421772756
2026,70,male,0.0388797261048195,0.0242889342915712
2026,71,male,0.0353449417032247,0.0208530265340566
2026,72,male,0.0321207851579253,0.0193632908055695
2026,73,male,0.0291818383077592,0.0177604911556909
2026,74,male,0.0265044318123997,0.0160446275844208
2026,75,male,0.0240665852170446,0.0137993644721852
2026,76,male,0.0218381061284007,0.0103809057069579
2026,77,male,0.0198117872159291,0.0084735091782335
2026,78,male,0.0179700326901913,0.0068633734346508
2026,79,male,0.0162966457723389,0.0055504984762099
2026,80,male,0.0147767415146308,0.0045348843029106
2026,81,male,0.0143254507531752,0.005293056112976
2026,82,male,0.0138877484072729,0.004612354683899
2026,83,male,0.0134632370267221,0.0040991096269332
2026,84,male,0.0130515300812531,0.0037533209420785
2026,85,male,0.0126522517034304,0.0034145505203204
2026,86,male,0.0122650364349005,0.0027971892158952
2026,87,male,0.0118895289761334,0.0024250869281902
2026,88,male,0.0115253839397905,0.0020845621726815
2026,89,male,0.0111722656078335,0.0017756149493689
2026,90,male,0.0108298476924742,0.0014982452582524
2026,91,male,0.0104978131010509,0.0012524530993322
2026,92,male,0.0101758537049032,0.0010382384726081
2026,93,male,0.0098636701123048,0.0008556013780802
2026,94,male,0.0095609714455034,0.0007045418157485
2026,95,male,0.0092674751219032,0.0005850597856129
2026,96,male,0.0089829066394188,0.0004971552876735
2026,97,male,0.0087069993660176,0.0004408283219303
2026,98,male,0.0084394943334616,0.0004160788883832
2026,99,male,0.0081801400352488,0.0004229069870323
2026,100,male,0.0079286922287491,0.0003959894596284
2026,101,male,0.0076849137415241,0.0002910317139545
2026,102,male,0.0074485742818101,0.0002364366526325
2026,103,male,0.0072194502531414,0.0001941430066125
2026,104,male,0.0069973245730863,0.0001641507758943
2026,105,male,0.0067819864960606,0.0001464599604779
2026,106,male,0.0065732314401808,0.000207709842381
2026,107,male,0.0063708608181175,0.0002029050607302
2026,108,male,0.0061746818719014,0.0002045432959621
2026,109,male,0.0059845075116357,0.0002126245480768
2027,0,male,0.0,0.0
2027,1,male,0.0,0.0
2027,2,male,0.0,0.0
2027,3,male,0.0,0.0
2027,4,male,0.0,0.0
2027,5,male,0.0,0.0
2027,6,male,0.0,0.0
2027,7,male,0.0,0.0
2027,8,male,0.0,0.0
2027,9,male,0.0,0.0
2027,10,male,0.0,0.0
2027,11,male,0.0,0.0
2027,12,male,0.0,0.0
2027,13,male,0.0,0.0
2027,14,male,0.0,0.0
2027,15,male,0.0108247969538831,0.1458428948809963
2027,16,male,0.0181075347323931,0.1794791404579933
2027,17,male,0.0301406771990693,0.2060559270867316
2027,18,male,0.04622121809709,0.24548136883979
2027,19,male,0.0702594839463847,0.3006886170136242
2027,20,male,0.0805402071278002,0.3221937129762793
2027,21,male,0.0921761160649167,0.3314590200163468
2027,22,male,0.0962629474264058,0.3284845381338268
2027,23,male,0.1005109158177996,0.3132702673287194
2027,24,male,0.1002158978532272,0.2858162076010244
2027,25,male,0.0999216496265976,0.2564432383484801
2027,26,male,0.1024593828256845,0.2282151499673658
2027,27,male,0.1050540448756528,0.2122398940854851
2027,28,male,0.1055839728993195,0.1985394139680275
2027,29,male,0.1061162570974108,0.1871137096149929
2027,30,male,0.1027536764928504,0.1779627810263813
2027,31,male,0.0994857894739449,0.1820719569800416
2027,32,male,0.0975894980972969,0.1755390935417534
2027,33,male,0.095725509537075,0.1703152626786268
2027,34,male,0.0929795272860884,0.1664004643906619
2027,35,male,0.0903044498790554,0.1631372305396234
2027,36,male,0.0859762771706216,0.1581045396852236
2027,37,male,0.0818368862701619,0.1544693020346625
2027,38,male,0.0806089228279141,0.1506099760526658
2027,39,male,0.0793977916446041,0.1465265617392334
2027,40,male,0.0782033096056425,0.1422190590943655
2027,41,male,0.0780869041536192,0.1354202638574639
2027,42,male,0.0779706573147809,0.1310632138702694
2027,43,male,0.0778545689166146,0.1266813902119116
2027,44,male,0.0777386387866641,0.1222747928823906
2027,45,male,0.0776228667525311,0.1179185587962991
2027,46,male,0.0767797932205354,0.1118590614881941
2027,47,male,0.075945122503182,0.1073934338280331
2027,48,male,0.0751187871754621,0.1025870359373993
2027,49,male,0.0743007199966167,0.0974398678162928
2027,50,male,0.0734908539183988,0.0919519294647134
2027,51,male,0.0733385029868385,0.0829172029150049
2027,52,male,0.0731864429397411,0.0773114195693206
2027,53,male,0.0730346733250914,0.071646713726584
2027,54,male,0.0728831936911471,0.0659230853867948
2027,55,male,0.0727320035864372,0.0584715006121631
2027,56,male,0.0713825753991048,0.0469321073756645
2027,57,male,0.0700562921925842,0.0406184884313966
2027,58,male,0.068752826775523,0.0354083173911802
2027,59,male,0.0674718539837927,0.0313015942550154
2027,60,male,0.0662130507750134,0.0282983190229021
2027,61,male,0.0626655880992497,0.0320538651333708
2027,62,male,0.0592961170337358,0.0302631343355531
2027,63,male,0.0560969765851502,0.0290786757548831
2027,64,male,0.0530607004167458,0.028500489391361
2027,65,male,0.0501800274906365,0.0285568407178728
2027,66,male,0.0470376048331158,0.0286419393302558
2027,67,male,0.0440828367592342,0.0283076106830232
2027,68,male,0.0413056336137386,0.0276604331914001
2027,69,male,0.0386963106471672,0.0267004068553866
2027,70,male,0.0362455896110698,0.0254275316749827
2027,71,male,0.0329420817753977,0.0217551074661512
2027,72,male,0.0299303127529906,0.0202234269370169
2027,73,male,0.0271861574652933,0.0185623437335174
2027,74,male,0.0246871966826498,0.0167718578556528
2027,75,male,0.0224126490410324,0.0144223768648169
2027,76,male,0.0203341275470827,0.0108494362873677
2027,77,male,0.0184447286689841,0.0088558505611735
2027,78,male,0.0167278905731557,0.0071729645619969
2027,79,male,0.0151683865119597,0.0058007782898379
2027,80,male,0.0137522381078028,0.0047392917446966
2027,81,male,0.0133318129146194,0.0055317924819398
2027,82,male,0.0129240722796149,0.0048203581283515
2027,83,male,0.0125286436508478,0.0042839498705397
2027,84,male,0.0121451648060174,0.0039225677085045
2027,85,male,0.0117732836033377,0.0035685316882112
2027,86,male,0.0114126577360753,0.0029233422219223
2027,87,male,0.0110629544908616,0.0025344665166174
2027,88,male,0.0107238505098742,0.0021785912957558
2027,89,male,0.0103950315569697,0.0018557165593376
2027,90,male,0.0100761922878341,0.0015658423073628
2027,91,male,0.009767036024209,0.0013089685398314
2027,92,male,0.0094672745322356,0.0010850952567434
2027,93,male,0.009176627804953,0.0008942224580988
2027,94,male,0.0088948238489741,0.0007363501438976
2027,95,male,0.0086215984753533,0.0006114783141398
2027,96,male,0.0083566950946555,0.0005196069688253
2027,97,male,0.0080998645162232,0.0004607361079543
2027,98,male,0.007850864751636,0.0004348657315266
2027,99,male,0.0076094608223479,0.0004419958395424
2027,100,male,0.0073754245714801,0.0004138597279769
2027,101,male,0.0071485344797483,0.0003041654343095
2027,102,male,0.0069285754854898,0.0002471065993375
2027,103,male,0.0067153388087569,0.0002029043196772
2027,104,male,0.0065086217794398,0.0001715585953287
2027,105,male,0.0063082276693724,0.0001530694262918
2027,106,male,0.0061139655283782,0.0002170834015294
2027,107,male,0.0059256500242065,0.0002120617890126
2027,108,male,0.0057431012863072,0.0002137739547558
2027,109,male,0.0055661447533901,0.0002222198987591
2028,0,male,0.0,0.0
2028,1,male,0.0,0.0
2028,2,male,0.0,0.0
2028,3,male,0.0,0.0
2028,4,male,0.0,0.0
2028,5,male,0.0,0.0
2028,6,male,0.0,0.0
2028,7,male,0.0,0.0
2028,8,male,0.0,0.0
2028,9,male,0.0,0.0
2028,10,male,0.0,0.0
2028,11,male,0.0,0.0
2028,12,male,0.0,0.0
2028,13,male,0.0,0.0
2028,14,male,0.0,0.0
2028,15,male,0.0100714894543586,0.1573465105038189
2028,16,male,0.0168560512059886,0.1921252243429717
2028,17,male,0.0280813202252998,0.2196047019442777
2028,18,male,0.043111999943759,0.2604837068622236
2028,19,male,0.0656445469112796,0.31775121656755
2028,20,male,0.0753046837898319,0.3399252276350883
2028,21,male,0.0862551572068625,0.3492957757138168
2028,22,male,0.0901055259471055,0.3458628608037352
2028,23,male,0.0941100700613716,0.3296264829048436
2028,24,male,0.0938318798832414,0.300586642017142
2028,25,male,0.0935544271125101,0.269456024381738
2028,26,male,0.0959476886393379,0.2393142918809773
2028,27,male,0.0983955275233321,0.2222734937630427
2028,28,male,0.0988955793450822,0.2076756478178328
2028,29,male,0.0993978922931863,0.1955207540453476
2028,30,male,0.0962252839965059,0.185808812445587
2028,31,male,0.093143466754956,0.1903635896918008
2028,32,male,0.0913558017659035,0.1834586484070281
2028,33,male,0.0895990568268409,0.1779572072797493
2028,34,male,0.0870119074742297,0.1738592663099645
2028,35,male,0.0844925283197454,0.1704634380951004
2028,36,male,0.0804182884468482,0.1652141684770704
2028,37,male,0.0765240874737335,0.1614185536309231
2028,38,male,0.0753692987748207,0.1573860573708072
2028,39,male,0.0742305356837129,0.1531166796967229
2028,40,male,0.0731076178904273,0.14861042060867
2028,41,male,0.0729981967047029,0.1414813704917511
2028,42,male,0.0728889264124727,0.1369208491673915
2028,43,male,0.0727798068441862,0.1323331967248785
2028,44,male,0.0726708378303671,0.1277184131642122
2028,45,male,0.0725620192016146,0.1231760406476807
2028,46,male,0.0717696353684576,0.1168715021014391
2028,47,male,0.0709852421534603,0.1122003517933034
2028,48,male,0.0702087733927122,0.1071547017966548
2028,49,male,0.0694401631538188,0.1017345521114931
2028,50,male,0.0686793457427827,0.0959399027378185
2028,51,male,0.0685362315128628,0.0863012042949182
2028,52,male,0.0683933936042925,0.0803675862045627
2028,53,male,0.0682508315747695,0.0743644837558668
2028,54,male,0.0681085449823186,0.0682918969488304
2028,55,male,0.0679665333852905,0.0603561183776474
2028,56,male,0.0666991611951986,0.048056448576864
2028,57,male,0.0654537620495249,0.041348565298161
2028,58,male,0.0642300165117266,0.0358341992902469
2028,59,male,0.0630276074901895,0.0315133505531215
2028,60,male,0.0618462203149653,0.028386019086785
2028,61,male,0.0585180554325728,0.0325967477550331
2028,62,male,0.055358422603518,0.0307760916454309
2028,63,male,0.0523599035703331,0.0296087732141959
2028,64,male,0.0495152875666871,0.0290947924613281
2028,65,male,0.0468175791634969,0.0292821079691852
2028,66,male,0.043875996114293,0.0295627743945476
2028,67,male,0.0411112634351627,0.0293183022701421
2028,68,male,0.0385137257809817,0.0287285636860188
2028,69,male,0.0360741343045855,0.0277935586421778
2028,70,male,0.0337836451407347,0.0265132871386191
2028,71,male,0.0306973775269401,0.0226131473887421
2028,72,male,0.0278849156477659,0.0210422729502052
2028,73,male,0.025323396755507,0.0193260970441793
2028,74,male,0.0229916147978862,0.0174646196706642
2028,75,male,0.0208699462274257,0.0150157873285108
2028,76,male,0.0189317224665566,0.0112957006586826
2028,77,male,0.0171703478636389,0.0092200187220406
2028,78,male,0.015570247681027,0.0074678374599932
2028,79,male,0.0141171185913509,0.0060391568725406
2028,80,male,0.0127978430568836,0.0049339769596826
2028,81,male,0.0124062280316638,0.0057591784788692
2028,82,male,0.0120264504709654,0.0050184714303744
2028,83,male,0.01165816136625,0.0044600008140611
2028,84,male,0.01130102146727,0.0040837666299293
2028,85,male,0.0109547010415929,0.0037151912172106
2028,86,male,0.0106188796380237,0.0030434971512255
2028,87,male,0.0102932458539991,0.0026386457887506
2028,88,male,0.0099774971070207,0.002268150171488
2028,89,male,0.0096713394101774,0.0019320102994377
2028,90,male,0.0093744871517987,0.0016302261725995
2028,91,male,0.0090866628792707,0.0013627977909735
2028,92,male,0.008807597087034,0.0011297251545598
2028,93,male,0.0085370280087794,0.0009310082633583
2028,94,male,0.0082747014138429,0.0007666471173689
2028,95,male,0.0080203704077983,0.0006366417165918
2028,96,male,0.0077737952372386,0.0005409920610269
2028,97,male,0.007534743098728,0.0004796981506742
2028,98,male,0.0073029879519044,0.0004527599855338
2028,99,male,0.0070783103367046,0.0004601775656055
2028,100,male,0.0068604971946807,0.0004308806706867
2028,101,male,0.0066493416943703,0.0003166749443722
2028,102,male,0.0064446430606824,0.0002572694322643
2028,103,male,0.006246206408253,0.000211249231171
2028,104,male,0.0060538425787259,0.0001786143410924
2028,105,male,0.0058673679819062,0.0001593647620285
2028,106,male,0.0056866044407374,0.0002260114607024
2028,107,male,0.005511379040045,0.0002207833227056
2028,108,male,0.0053415239789918,0.0002225659052424
2028,109,male,0.005176876427186,0.0002313592083127
2029,0,male,0.0,0.0
2029,1,male,0.0,0.0
2029,2,male,0.0,0.0
2029,3,male,0.0,0.0
2029,4,male,0.0,0.0
2029,5,male,0.0,0.0
2029,6,male,0.0,0.0
2029,7,male,0.0,0.0
2029,8,male,0.0,0.0
2029,9,male,0.0,0.0
2029,10,male,0.0,0.0
2029,11,male,0.0,0.0
2029,12,male,0.0,0.0
2029,13,male,0.0,0.0
2029,14,male,0.0,0.0
2029,15,male,0.0093701087232361,0.1684974073502675
2029,16,male,0.0156896805632828,0.2043597638706685
2029,17,male,0.026158873412408,0.2326954529732076
2029,18,male,0.0402031172693777,0.2749573643069466
2029,19,male,0.0613127481297764,0.33418582483419
2029,20,male,0.0703834438633194,0.3569920584336041
2029,21,male,0.0806807314749148,0.3664547666313533
2029,22,male,0.0843052205036229,0.3625739494274373
2029,23,male,0.0880769357115901,0.3453496068218561
2029,24,male,0.0878148507446262,0.3147817388146099
2029,25,male,0.0875534707722609,0.2819561734829313
2029,26,male,0.0898084286368727,0.2499644009056316
2029,27,male,0.0921156002842529,0.2318937960358192
2029,28,male,0.0925870145399882,0.2164289859780501
2029,29,male,0.093060594032484,0.2035699707323242
2029,30,male,0.0900700315405202,0.1933167502986415
2029,31,male,0.0871663361476903,0.1983053796017702
2029,32,male,0.0854825743353879,0.1910420248493576
2029,33,male,0.0838283503258131,0.1852736029375802
2029,34,male,0.0813929315392051,0.1810001138664377
2029,35,male,0.0790221648397338,0.1774777226679825
2029,36,male,0.0751900423388514,0.1720213563271441
2029,37,male,0.07152932256451,0.1680722720977146
2029,38,male,0.070444157877361,0.1638739825331886
2029,39,male,0.0693742260318115,0.1594264876335661
2029,40,male,0.0683193503450018,0.154729787398847
2029,41,male,0.0682165683800378,0.1472838536288378
2029,42,male,0.0681139297390755,0.1425283081217619
2029,43,male,0.0680114342562556,0.1377433399785077
2029,44,male,0.0679090817658073,0.1329289491990751
2029,45,male,0.0678068721020497,0.1282086259664595
2029,46,male,0.0670626601127648,0.1216702283575558
2029,47,male,0.0663260350338089,0.1168021680440385
2029,48,male,0.0655969322319821,0.1115268048711226
2029,49,male,0.0648752873446641,0.1058441388388082
2029,50,male,0.0641610362854332,0.0997541699470952
2029,51,male,0.0640266900391455,0.0895317299101612
2029,52,male,0.0638926058936589,0.0832821299433121
2029,53,male,0.0637587834180049,0.0769527144388951
2029,54,male,0.0636252221815868,0.0705434833969099
2029,55,male,0.0634919217541782,0.0621399884889044
2029,56,male,0.0623024101867008,0.0491057148207889
2029,57,male,0.0611337291892987,0.0420172899741033
2029,58,male,0.0599855681450181,0.0362097378730642
2029,59,male,0.0588576190375289,0.0316830585176717
2029,60,male,0.0577495765117855,0.0284372519079256
2029,61,male,0.0546290294186313,0.0330917104183821
2029,62,male,0.0516678574459723,0.0312438000912159
2029,63,male,0.048858900544244,0.0300948379053397
2029,64,male,0.0461952155664828,0.0296448238607534
2029,65,male,0.0436700816473417,0.0299610809144284
2029,66,male,0.0409177688586637,0.0304342935867134
2029,67,male,0.038331968071474,0.0302787536537449
2029,68,male,0.0359034598317701,0.0297464016825161
2029,69,male,0.0336234294573143,0.0288372376730271
2029,70,male,0.031483462894424,0.027551261625278
2029,71,male,0.0286011057853029,0.0234313643361247
2029,72,male,0.0259755553349666,0.0218237834124079
2029,73,male,0.0235851756306048,0.0200554000507073
2029,74,male,0.0214099335071054,0.0181262142510229
2029,75,male,0.0194313197551318,0.0155824309924538
2029,76,male,0.017624298502525,0.0117218313704207
2029,77,male,0.0159825827116256,0.0095677542039063
2029,78,male,0.0144915379944614,0.0077494017692647
2029,79,male,0.0131377384258449,0.0062667740664959
2029,80,male,0.0119088825342666,0.0051198710955998
2029,81,male,0.0115441516744004,0.0059763011873494
2029,82,male,0.0111904648403729,0.0052076418198432
2029,83,male,0.0108474952570786,0.004628104254032
2029,84,male,0.0105149253567366,0.0042376884899157
2029,85,male,0.010192446547554,0.0038552303383824
2029,86,male,0.0098797589864464,0.003158228470503
2029,87,male,0.0095765713558607,0.0027381228056636
2029,88,male,0.0092826006447407,0.0023536669384883
2029,89,male,0.0089975719336626,0.0020048608689772
2029,90,male,0.0087212181841579,0.0016917045971302
2029,91,male,0.008453280032235,0.0014141981229473
2029,92,male,0.0081935055861016,0.0011723414464286
2029,93,male,0.0079416502280816,0.000966134567574
2029,94,male,0.0076974764207158,0.0007955774863836
2029,95,male,0.0074607535170282,0.0006606702028572
2029,96,male,0.0072312575749334,0.0005614127169951
2029,97,male,0.0070087711757587,0.000497805028797
2029,98,male,0.0067930832468441,0.0004698471382631
2029,99,male,0.0065839888881866,0.0004775390453933
2029,100,male,0.0063812892030843,0.0004471336320483
2029,101,male,0.0061847911327379,0.0003286200279771
2029,102,male,0.0059943072947594,0.000266973720311
2029,103,male,0.0058096558255403,0.0002192176220167
2029,104,male,0.0056306602264237,0.0001853517330942
2029,105,male,0.0054571492136269,0.0001653760535435
2029,106,male,0.0052889565718573,0.0002345366877269
2029,107,male,0.0051259210115617,0.0002291113426363
2029,108,male,0.0049678860297514,0.0002309611647757
2029,109,male,0.0048146997743399,0.0002400861541452
2030,0,male,0.0,0.0
2030,1,male,0.0,0.0
2030,2,male,0.0,0.0
2030,3,male,0.0,0.0
2030,4,male,0.0,0.0
2030,5,male,0.0,0.0
2030,6,male,0.0,0.0
2030,7,male,0.0,0.0
2030,8,male,0.0,0.0
2030,9,male,0.0,0.0
2030,10,male,0.0,0.0
2030,11,male,0.0,0.0
2030,12,male,0.0,0.0
2030,13,male,0.0,0.0
2030,14,male,0.0,0.0
2030,15,male,0.0087171421851513,0.1793255238047966
2030,16,male,0.0146028192838508,0.2162176904765884
2030,17,male,0.0243647379742511,0.245367056735782
2030,18,male,0.0374828165264744,0.2889472150039017
2030,19,male,0.057249284726437,0.3500457450280351
2030,20,male,0.0657609405236319,0.3734506230118338
2030,21,male,0.0754368228011809,0.3829935207031338
2030,22,male,0.0788459396243324,0.3786744381019349
2030,23,male,0.0823953902883287,0.3604933752082372
2030,24,male,0.0821486885755629,0.3284503320220406
2030,25,male,0.0819026595872948,0.2939871977148857
2030,26,male,0.0840254819370953,0.2602035904624526
2030,27,male,0.0861981595790375,0.2411358811360769
2030,28,male,0.0866421805473643,0.2248319282165649
2030,29,male,0.0870882707611164,0.2112917317039165
2030,30,male,0.08427179933877,0.2005152915981319
2030,31,male,0.0815382782993814,0.2059270209848228
2030,32,male,0.0799537095220367,0.1983177573260647
2030,33,male,0.0783973059018742,0.1922920818908198
2030,34,male,0.0761065650075812,0.1878499946790881
2030,35,male,0.0738773931287351,0.1842065599403094
2030,36,male,0.0702757249728996,0.1785517740922168
2030,37,male,0.0668369732509448,0.1744555419642461
2030,38,male,0.0658179494002827,0.1700982099195483
2030,39,male,0.0648133829108014,0.1654797779581234
2030,40,male,0.0638231014102055,0.1606002460799712
2030,41,male,0.0637266210793599,0.1528496649486629
2030,42,male,0.0636302766832303,0.147906825428077
2030,43,male,0.0635340680602494,0.1429323320862742
2030,44,male,0.0634379950489503,0.1379261849232545
2030,45,male,0.0633420574879674,0.1330354037246599
2030,46,male,0.0626435558785996,0.1262733800977288
2030,47,male,0.0619522474933219,0.1212162913897272
2030,48,male,0.0612680694506141,0.1157199443163543
2030,49,male,0.0605909591711282,0.1097843388776101
2030,50,male,0.0599208543821607,0.1034094750734945
2030,51,male,0.0597948193318468,0.0926218066159915
2030,52,male,0.059669032552128,0.0860670715823229
2030,53,male,0.0595434936246801,0.0794224009338779
2030,54,male,0.0594182021315855,0.0726877946706563
2030,55,male,0.0592931576553335,0.0638316622967745
2030,56,male,0.058177422611166,0.0500862783878057
2030,57,male,0.0570814086823664,0.0426298699661634
2030,58,male,0.0560048149204303,0.0365392062253241
2030,59,male,0.0549473431773014,0.0318142871652876
2030,60,male,0.0539086981516286,0.028455112786054
2030,61,male,0.0509844660510424,0.0335428205171349
2030,62,male,0.0482107734057148,0.0316701003470656
2030,63,male,0.0455807296557774,0.0305406072815784
2030,64,male,0.0430876675377284,0.0301543413206733
2030,65,male,0.0407251463065283,0.0305976889637328
2030,66,male,0.0381510340949774,0.0312606827841099
2030,67,male,0.0357335629218904,0.0311932291674269
2030,68,male,0.0334639472661633,0.0307182159531962
2030,69,male,0.0313338018513136,0.029835643141418
2030,70,male,0.0293351353125311,0.0285455107320921
2030,71,male,0.0266440499689326,0.0242131384389345
2030,72,male,0.0241936806111884,0.0225711273244096
2030,73,male,0.0219635789666101,0.0207531768572851
2030,74,male,0.0199348419802416,0.0187592870375611
2030,75,male,0.0180900298125935,0.0161245797933703
2030,76,male,0.0164056553214566,0.0121295373456141
2030,77,male,0.0148757380478273,0.0099004517946144
2030,78,male,0.0134865376841857,0.0080187871082849
2030,79,male,0.0122254605590982,0.0064845432866257
2030,80,male,0.0110809776548056,0.0052977203296367
2030,81,male,0.0107413272244763,0.0061840317440929
2030,82,male,0.010411978033657,0.005388628361407
2030,83,male,0.0100926242786442,0.0047889347658726
2030,84,male,0.0097829688334953,0.0043849509574898
2030,85,male,0.0094827230281569,0.0039892109847112
2030,86,male,0.0091916064307451,0.0032679965298495
2030,87,male,0.008909346634002,0.0028332966896429
2030,88,male,0.0086356790459443,0.0024354846865304
2030,89,male,0.0083703466847124,0.0020745605205123
2030,90,male,0.0081130999776186,0.0017505241915883
2030,91,male,0.0078636965643869,0.0014633756997586
2030,92,male,0.0076219011045722,0.0012131150450232
2030,93,male,0.0073874850891372,0.0009997422273819
2030,94,male,0.0071602266561638,0.000823257246835
2030,95,male,0.0069399104106659,0.0006836601033822
2030,96,male,0.0067263272484726,0.0005809507970237
2030,97,male,0.0065192741841397,0.0005151293277595
2030,98,male,0.0063185541828496,0.0004861956955895
2030,99,male,0.0061239759962515,0.0004941499005137
2030,100,male,0.0059353540021962,0.0004626837974796
2030,101,male,0.0057525080483105,0.0003400485930252
2030,102,male,0.005575263299361,0.0002762583842662
2030,103,male,0.0054034500883492,0.0002268414508756
2030,104,male,0.0052369037712816,0.0001917977928535
2030,105,male,0.0050754645855556,0.0001711274101999
2030,106,male,0.0049189775119004,0.0002426932745556
2030,107,male,0.004767292139812,0.0002370792498229
2030,108,male,0.0046202625364203,0.0002389934040506
2030,109,male,0.0044777471187237,0.0002484357372388
2031,0,male,0.0,0.0
2031,1,male,0.0,0.0
2031,2,male,0.0,0.0
2031,3,male,0.0,0.0
2031,4,male,0.0,0.0
2031,5,male,0.0,0.0
2031,6,male,0.0,0.0
2031,7,male,0.0,0.0
2031,8,male,0.0,0.0
2031,9,male,0.0,0.0
2031,10,male,0.0,0.0
2031,11,male,0.0,0.0
2031,12,male,0.0,0.0
2031,13,male,0.0,0.0
2031,14,male,0.0,0.0
2031,15,male,0.008109305867204,0.1898554613792282
2031,16,male,0.0135902079468603,0.2277277086529473
2031,17,male,0.0226907881450367,0.2576514595852686
2031,18,male,0.0349398813724092,0.3024901334898401
2031,19,male,0.0534397932371282,0.3653747784324663
2031,20,male,0.0614219659839251,0.3893472818953338
2031,21,male,0.0705076058990692,0.3989593108257613
2031,22,male,0.0737117228563664,0.3942108652237488
2031,23,male,0.077049376399993,0.3751019450892963
2031,24,male,0.0768173413015644,0.3416325504224037
2031,25,male,0.0765859469954579,0.3055848525983982
2031,26,male,0.0785827612798069,0.2700631798025425
2031,27,male,0.0806270924084929,0.2500285758279983
2031,28,male,0.0810449610652419,0.2329111808316084
2031,29,male,0.0814648035226281,0.2187109948133729
2031,30,male,0.0788144964087599,0.2074280177732916
2031,31,male,0.07624325519755,0.2132529147586314
2031,32,male,0.0747532118770288,0.2053092936885262
2031,33,male,0.0732899785114885,0.1990353506034091
2031,34,male,0.0711369527345769,0.1944310855032799
2031,35,male,0.0690424637590431,0.1906717059893249
2031,36,male,0.0656597964968337,0.1848265164939283
2031,37,male,0.0624317454815637,0.1805889761444473
2031,38,male,0.0614754608733947,0.1760788379129263
2031,39,male,0.060532878237098,0.1712961017993653
2031,40,male,0.0596038300673208,0.1662407678037643
2031,41,male,0.0595133224732891,0.1581968429834808
2031,42,male,0.0594229436294033,0.1530738504444843
2031,43,male,0.0593326933788729,0.14791702863379
2031,44,male,0.0592425715650174,0.142726377551398
2031,45,male,0.059152578031267,0.137672060058311
2031,46,male,0.0584973904141274,0.1306958635209935
2031,47,male,0.0578490136013572,0.1254570273127925
2031,48,male,0.0572073866399394,0.1197477602912668
2031,49,male,0.0565724489038754,0.1135680624564164
2031,50,male,0.0559441400976291,0.1069179338082412
2031,51,male,0.0558259727862259,0.0955821390759891
2031,52,male,0.0557080403436907,0.0887322890685494
2031,53,male,0.0555903423653728,0.0817825783814775
2031,54,male,0.0554728784470559,0.0747330070147734
2031,55,male,0.0553556481849576,0.0654381667722409
2031,56,male,0.0543097286864011,0.0510033756236174
2031,57,male,0.0532824566747394,0.0431905844813157
2031,58,male,0.0522735415248517,0.0368261157044384
2031,59,male,0.051282695562,0.0319099692929856
2031,60,male,0.0503096340953008,0.0284421452469572
2031,61,male,0.0475708138531794,0.0339534203837671
2031,62,male,0.0449740321832755,0.0320581484413501
2031,63,male,0.0425126756063165,0.0309491525507387
2031,64,male,0.0401803576971468,0.0306264327119331
2031,65,male,0.0379709204389427,0.0311951610632004
2031,66,male,0.0355644403152145,0.0320453816817364
2031,67,male,0.0333051954583453,0.0320652329766698
2031,68,male,0.0311848293357318,0.0316475143109973
2031,69,male,0.0291953787987373,0.030792225684719
2031,70,male,0.0273292659521895,0.0294993670978349
2031,71,male,0.0248174861760009,0.0249612472793735
2031,72,male,0.0225312116649899,0.0232869087749649
2031,73,male,0.0204511398074601,0.0214218303117941
2031,74,male,0.0185594531482902,0.0193660118898611
2031,75,male,0.016839735371603,0.0166441006682786
2031,76,male,0.0152699661977321,0.0125202228714665
2031,77,male,0.0138444674462073,0.0102192576445085
2031,78,male,0.012550347396224,0.0082769217276173
2031,79,male,0.0113758005738695,0.0066932151207928
2031,80,male,0.010310028123549,0.0054681378240351
2031,81,male,0.0099937697731765,0.0063830859953464
2031,82,male,0.0096871176382672,0.0055620548074251
2031,83,male,0.0093897856745402,0.0049430466739219
2031,84,male,0.0091014960079735,0.004526061594837
2031,85,male,0.0088219787225832,0.0041175949179529
2031,86,male,0.0085509716523987,0.0033731796164874
2031,87,male,0.0082882201776387,0.0029244954146869
2031,88,male,0.0080334770250845,0.002513885345561
2031,89,male,0.0077865020726424,0.0021413494091096
2031,90,male,0.0075470621580779,0.0018068876053328
2031,91,male,0.0073149308919027,0.0015104999342305
2031,92,male,0.0070898884743837,0.0012521863958027
2031,93,male,0.0068717215166471,0.0010319469900495
2031,94,male,0.0066602228658379,0.0008497817169709
2031,95,male,0.0064551914342959,0.0007056905765668
2031,96,male,0.0062564320327057,0.0005996735688372
2031,97,male,0.0060637552071727,0.0005317306937822
2031,98,male,0.005876977080176,0.0005018619514018
2031,99,male,0.0056959191953465,0.0005100673416959
2031,100,male,0.0055204083660146,0.0004775847323235
2031,101,male,0.0053502765274736,0.0003510000072654
2031,102,male,0.0051853605928978,0.0002851554068256
2031,103,male,0.0050255023128579,0.0002341469793982
2031,104,male,0.0048705481383727,0.0001979747249832
2031,105,male,0.0047203490874352,0.0001766386435806
2031,106,male,0.0045747606149498,0.0002505093180197
2031,107,male,0.004433642486019,0.0002447144911555
2031,108,male,0.0042968586525148,0.0002466902915606
2031,109,male,0.0041642771328703,0.0002564367192348
2032,0,male,0.0,0.0
2032,1,male,0.0,0.0
2032,2,male,0.0,0.0
2032,3,male,0.0,0.0
2032,4,male,0.0,0.0
2032,5,male,0.0,0.0
2032,6,male,0.0,0.0
2032,7,male,0.0,0.0
2032,8,male,0.0,0.0
2032,9,male,0.0,0.0
2032,10,male,0.0,0.0
2032,11,male,0.0,0.0
2032,12,male,0.0,0.0
2032,13,male,0.0,0.0
2032,14,male,0.0,0.0
2032,15,male,0.0075435307434169,0.2001078436773279
2032,16,male,0.0126469134734047,0.23891388155806
2032,17,male,0.0211293543099784,0.2695754423527125
2032,18,male,0.0325636291465136,0.3156170319233527
2032,19,male,0.049870384154493,0.3802096439418113
2032,20,male,0.0573517064834707,0.4047208994074179
2032,21,male,0.0658775259614668,0.4143917661689985
2032,22,male,0.0688868293551467,0.4092222442265529
2032,23,male,0.0720229996197381,0.3892123335800815
2032,24,male,0.0718049238661807,0.3543620342295839
2032,25,male,0.0715874574778981,0.3167791122138713
2032,26,male,0.0734643151648725,0.2795694240532151
2032,27,male,0.075386384162675,0.2585960457712667
2032,28,male,0.0757793303917495,0.240689131882776
2032,29,male,0.0761741560843924,0.2258486823877431
2032,30,male,0.0736821633543169,0.214074697286168
2032,31,male,0.0712654058033282,0.2203035163676115
2032,32,male,0.0698652882731632,0.2120362904196226
2032,33,male,0.0684906496166653,0.2055224440484269
2032,34,male,0.0664685003448427,0.2007619772540243
2032,35,male,0.0645019198371744,0.1968913990728962
2032,36,male,0.0613270574641107,0.1908632673715384
2032,37,male,0.0582987271218558,0.186489854575111
2032,38,male,0.0574018732218553,0.1818327151155991
2032,39,male,0.0565179882587282,0.1768918489930027
2032,40,male,0.0556469100354519,0.1716672562073219
2032,41,male,0.0555620559640145,0.1633405095495585
2032,42,male,0.0554773236823937,0.1580440110788513
2032,43,male,0.0553927130389562,0.1527115597656309
2032,44,male,0.0553082238821854,0.1473431556098973
2032,45,male,0.0552238560606837,0.1421317447549681
2032,46,male,0.0546096581069468,0.1349501745887644
2032,47,male,0.0540019007888996,0.1295363681900934
2032,48,male,0.0534005252191521,0.1236216874277941
2032,49,male,0.0528054728561444,0.1172061323018666
2032,50,male,0.0522166855066783,0.1102897028123108
2032,51,male,0.0521059569096484,0.098421701077686
2032,52,male,0.051995450237711,0.0912860631477205
2032,53,male,0.0518851651006676,0.0840408209975502
2032,54,male,0.0517751011087745,0.076685974627175
2032,55,male,0.0516652578727419,0.0669653926697515
2032,56,male,0.0506853253009334,0.0518613961901166
2032,57,male,0.0497230045480295,0.0437030208059718
2032,58,male,0.0487780157946133,0.0370734099036497
2032,59,male,0.0478500822774371,0.0319725634831503
2032,60,male,0.0469389303116445,0.0284004815444738
2032,61,male,0.0443750346341247,0.0343263119168416
2032,62,male,0.041945020428659,0.0324105900927166
2032,63,male,0.039642555666208,0.0313230483258674
2032,64,male,0.037461536848905,0.031063686616294
2032,65,male,0.0353960887630017,0.0317562040588767
2032,66,male,0.0331471709357393,0.0327912737977783
2032,67,male,0.0310365423974036,0.0328977026456741
2032,68,male,0.029056268172811,0.0325372373778057
2032,69,male,0.0271987978955579,0.0317098779941731
2032,70,male,0.0254569562289439,0.0304156244947762
2032,71,male,0.023113167731079,0.0256780193222594
2032,72,male,0.0209805231183751,0.0239733107882318
2032,73,male,0.0190408214706636,0.022063374736889
2032,74,male,0.0172772853364259,0.0199482111682307
2032,75,male,0.0156744757189906,0.0171425586823496
2032,76,male,0.0142117597373856,0.0128950651708682
2032,77,male,0.0128837553623594,0.0105251325787082
2032,78,male,0.0116783749830299,0.0085245837856103
2032,79,male,0.0105845585342635,0.0068934187915743
2032,80,male,0.0095921964728971,0.0056316375966005
2032,81,male,0.0092977506223934,0.0065740640395691
2032,82,male,0.0090122609524114,0.0057284440534656
2032,83,male,0.0087354600174816,0.0050909046717973
2032,84,male,0.0084670880573061,0.0046614458945642
2032,85,male,0.0082068927942605,0.0042407692359228
2032,86,male,0.007954629235092,0.003474094851
2032,87,male,0.0077100594768019,0.0030119939234836
2032,88,male,0.0074729525166944,0.0025891052592464
2032,89,male,0.0072430840665682,0.0022054288582883
2032,90,male,0.0070202363710238,0.0018609647206093
2032,91,male,0.006804198029852,0.0015557128462094
2032,92,male,0.0065947638244666,0.0012896732350886
2032,93,male,0.0063917345483412,0.0010628458872469
2032,94,male,0.0061949168414046,0.0008752308026843
2032,95,male,0.0060041230283465,0.0007268279814009
2032,96,male,0.0058191709607849,0.0006176374233965
2032,97,male,0.005639883863241,0.0005476591286713
2032,98,male,0.0054660901828669,0.0005168930972251
2032,99,male,0.0052976234428693,0.0005253393290581
2032,100,male,0.0051343220995711,0.0004918813407477
2032,101,male,0.0049760294030506,0.0003615072729319
2032,102,male,0.004822593261297,0.0002936915992863
2032,103,male,0.0046738661078208,0.0002411562228928
2032,104,male,0.0045297047726568,0.0002039011437512
2032,105,male,0.0043899703566945,0.0001819263618616
2032,106,male,0.0042545281092737,0.0002580083718711
2032,107,male,0.0041232473089816,0.0002520400755366
2032,108,male,0.0039960011475846,0.0002540750219797
2032,109,male,0.0038726666170338,0.0002641132112002
2033,0,male,0.0,0.0
2033,1,male,0.0,0.0
2033,2,male,0.0,0.0
2033,3,male,0.0,0.0
2033,4,male,0.0,0.0
2033,5,male,0.0,0.0
2033,6,male,0.0,0.0
2033,7,male,0.0,0.0
2033,8,male,0.0,0.0
2033,9,male,0.0,0.0
2033,10,male,0.0,0.0
2033,11,male,0.0,0.0
2033,12,male,0.0,0.0
2033,13,male,0.0,0.0
2033,14,male,0.0,0.0
2033,15,male,0.0070169497253047,0.2101002428934761
2033,16,male,0.0117683118067285,0.2497967120342103
2033,17,male,0.0196732053692239,0.2811618234540498
2033,18,male,0.0303439038462074,0.3283542487885226
2033,19,male,0.046527667934946,0.3945816276278921
2033,20,male,0.0535357866511966,0.4196045896173627
2033,21,male,0.0615313656374376,0.4293246524840794
2033,22,male,0.0643558131071563,0.4237418162280423
2033,23,male,0.067300612383274,0.4028560808492512
2033,24,male,0.0670958015237205,0.3666674463477061
2033,25,male,0.0668915692486153,0.3275955157625635
2033,26,male,0.0686544157538332,0.2887446937082939
2033,27,male,0.0704602118696016,0.2668588811437243
2033,28,male,0.0708294477673884,0.2481848569564427
2033,29,male,0.0712004703786487,0.2327226211464491
2033,30,male,0.0688590608729232,0.2204721737137436
2033,31,male,0.0665891278481936,0.2270962547271696
2033,32,male,0.0652744258271187,0.2185154956852875
2033,33,male,0.0639839013169425,0.2117695808388171
2033,34,male,0.062085942820738,0.2068585101877584
2033,35,male,0.0602406602468087,0.202881178968459
2033,36,male,0.0572627035704093,0.1966770941140659
2033,37,male,0.0544234347563796,0.1921729005030424
2033,38,male,0.0535828052583345,0.1873741972588762
2033,39,male,0.0527544357907575,0.1822809843815676
2033,40,male,0.0519381698032221,0.1768932618711164
2033,41,male,0.0518586605034384,0.168293549082512
2033,42,male,0.0517792662724329,0.1628297709356677
2033,43,male,0.0516999869640157,0.1573279649706269
2033,44,male,0.0516208224321197,0.1517881311873897
2033,45,male,0.0515417725308017,0.1464256619972597
2033,46,male,0.0509663174194406,0.1390469603957744
2033,47,male,0.050396945777351,0.1334645320407366
2033,48,male,0.0498336008845129,0.1273514685224608
2033,49,male,0.0492762263802009,0.1207077698409469
2033,50,male,0.0487247662647092,0.1135334359961948
2033,51,male,0.0486210626250761,0.101148138672698
2033,52,male,0.0485175684464699,0.0937354493701304
2033,53,male,0.0484142833537005,0.086203582338655
2033,54,male,0.0483112069720467,0.0785525375782717
2033,55,male,0.0482083389272549,0.0684183591645881
2033,56,male,0.0472907039309332,0.0526640802673868
2033,57,male,0.0463896845836895,0.0441702354619136
2033,58,male,0.0455050122018633,0.0372835968905691
2033,59,male,0.0446364212250331,0.0320041645533535
2033,60,male,0.0437836492284329,0.0283319384502666
2033,61,male,0.0413846173195623,0.0346638824540298
2033,62,male,0.0391116586300227,0.0327296795668539
2033,63,male,0.0369587241661478,0.0316644882876334
2033,64,male,0.0349199929892644,0.0314683086163685
2033,65,male,0.0329898706110257,0.0322831242996136
2033,66,male,0.0308889380966303,0.0335008160133236
2033,67,male,0.0289178006392889,0.0336931411050493
2033,68,male,0.0270689353510745,0.0333898906895103
2033,69,male,0.0253351936358521,0.0325910647667066
2033,70,male,0.0237097904698823,0.0312966633366381
2033,71,male,0.0215233085635023,0.0263654385194204
2033,72,male,0.0195344263301098,0.0246321933943625
2033,73,male,0.0177259992654463,0.02267952642181
2033,74,male,0.0160822437910747,0.0205074376017628
2033,75,male,0.0145886521042842,0.0176212873381915
2033,76,male,0.0132259018900312,0.0132550672881805
2033,77,male,0.0119888996936852,0.0108188952613987
2033,78,male,0.0108663187461753,0.0087624363065305
2033,79,male,0.0098478030043093,0.0070856904235759
2033,80,male,0.0089238929172179,0.005788657612535
2033,81,male,0.0086497824119168,0.0067574771863701
2033,82,male,0.0083840203876079,0.0058882416289654
2033,83,male,0.0081263568890346,0.0052329046983787
2033,84,male,0.0078765491835387,0.0047914663946102
2033,85,male,0.007634361568261,0.0043590637625516
2033,86,male,0.0073995651815016,0.0035710124337169
2033,87,male,0.0071719378182155,0.0030960264789879
2033,88,male,0.006951263749612,0.0026613458025209
2033,89,male,0.0067373335468259,0.0022669704043159
2033,90,male,0.0065299439086191,0.001912900284373
2033,91,male,0.0063288974930734,0.001599135442692
2033,92,male,0.0061340027532257,0.0013256758792731
2033,93,male,0.0059450737765999,0.0010925215941161
2033,94,male,0.0057619301285828,0.0008996725872212
2033,95,male,0.00558439669959,0.0007471288585882
2033,96,male,0.0054123035559682,0.0006348904082173
2033,97,male,0.005245485794574,0.0005629572361084
2033,98,male,0.0050837834009721,0.0005313293422614
2033,99,male,0.0049270411111922,0.0005400067266765
2033,100,male,0.0047751082769827,0.0005056118830274
2033,101,male,0.0046278387344995,0.0003715985093424
2033,102,male,0.0044850906763671,0.0003018898060227
2033,103,male,0.0043467265270469,0.0002478879393458
2033,104,male,0.004212612821452,0.0002095929093118
2033,105,male,0.0040826200867408,0.0001870047159207
2033,106,male,0.0039566227272269,0.0002652105049163
2033,107,male,0.0038344989123415,0.0002590756075373
2033,108,male,0.0037161304675828,0.0002611673581643
2033,109,male,0.0036014027683889,0.0002714857567973
2034,0,male,0.0,0.0
2034,1,male,0.0,0.0
2034,2,male,0.0,0.0
2034,3,male,0.0,0.0
2034,4,male,0.0,0.0
2034,5,male,0.0,0.0
2034,6,male,0.0,0.0
2034,7,male,0.0,0.0
2034,8,male,0.0,0.0
2034,9,male,0.0,0.0
2034,10,male,0.0,0.0
2034,11,male,0.0,0.0
2034,12,male,0.0,0.0
2034,13,male,0.0,0.0
2034,14,male,0.0,0.0
2034,15,male,0.0065268852930748,0.2198478347167465
2034,16,male,0.0109500710978033,0.2603939067350396
2034,17,male,0.0183155306044749,0.2924303093173948
2034,18,male,0.0282710661995762,0.3407245305128257
2034,19,male,0.0433987734442808,0.4085177487512481
2034,20,male,0.0499603042866945,0.4340269504798869
2034,21,male,0.0574543003109224,0.4437871305309447
2034,22,male,0.0601035857778561,0.4377982889044217
2034,23,male,0.0628668848531957,0.4160604256003177
2034,24,male,0.0626746601426554,0.3785735406186327
2034,25,male,0.0624829839989799,0.338056119395747
2034,26,male,0.0641376334526155,0.2976083083616392
2034,27,male,0.0658330237622996,0.2748348640237009
2034,28,male,0.066179737964066,0.2554148301002694
2034,29,male,0.0665281481192833,0.2393482065913448
2034,30,male,0.0643297449019901,0.226634993496927
2034,31,male,0.0621991467517093,0.2336461817878687
2034,32,male,0.0609654572360336,0.2247613735275894
2034,33,male,0.0597546781932066,0.2177907676843794
2034,34,male,0.0579744012564284,0.2127343642582386
2034,35,male,0.0562439915165618,0.2086544661302553
2034,36,male,0.0534523697891321,0.2022810092119214
2034,37,male,0.0507918506613068,0.197650829210738
2034,38,male,0.0500043485794962,0.1927156822317192
2034,39,male,0.0492284230876742,0.187475568274865
2034,40,male,0.0484639235286296,0.1819304873401755
2034,41,male,0.0483894613020974,0.1730670888317056
2034,42,male,0.0483151076736628,0.1674418938263467
2034,43,male,0.0482408625027839,0.161776641785653
2034,44,male,0.0481667256490449,0.1560713327096246
2034,45,male,0.0480926969721576,0.1505634879353674
2034,46,male,0.0475538194698835,0.1429954159802552
2034,47,male,0.0470206818167899,0.1372503433448923
2034,48,male,0.0464932295307231,0.1309455176439656
2034,49,male,0.0459714084975894,0.1240809388774751
2034,50,male,0.0454551649723764,0.1166566070454209
2034,51,male,0.0453580883991095,0.1037680551400126
2034,52,male,0.0452612093174641,0.0960865410463324
2034,53,male,0.0451645273676197,0.0882764358218393
2034,54,male,0.0450680421902326,0.0803377394665331
2034,55,male,0.0449717534264351,0.0698014009142105
2034,56,male,0.0441128707712241,0.0534146579477424
2034,57,male,0.0432696481065377,0.0445948681208406
2034,58,male,0.0424418280814276,0.0374588426812002
2034,59,male,0.0416291565016188,0.0320065816288214
2034,60,male,0.0408313823334604,0.028238084963704
2034,61,male,0.0385875857436516,0.0349681937466091
2034,62,male,0.0364624046331663,0.0330173636914853
2034,63,male,0.0344500722465156,0.0319753669413583
2034,64,male,0.0325450477528106,0.0318422034962281
2034,65,male,0.030742013504272,0.032777913593168
2034,66,male,0.0287799734130026,0.0341761301386979
2034,67,male,0.0269396756736691,0.034453709934384
2034,68,male,0.0252139983744511,0.0342076380756698
2034,69,male,0.0235961823656903,0.0334379145625551
2034,70,male,0.0220798196704857,0.0321445393950401
2034,71,male,0.0200405657423161,0.0270252182502686
2034,72,male,0.0181861512262115,0.0252651629515978
2034,73,male,0.0165004420367997,0.023271767587349
2034,74,male,0.0149686022696789,0.0210450321575224
2034,75,male,0.0135770096340773,0.0180814382746101
2034,76,male,0.0123075783476097,0.0136010954720357
2034,77,male,0.0111554948291441,0.0111012527069035
2034,78,male,0.0101101512406027,0.0089910518910388
2034,79,male,0.0091618556750519,0.0072704930244415
2034,80,male,0.0083017608427819,0.0059395761071115
2034,81,male,0.0080466048870214,0.0069337670126791
2034,82,male,0.0077992295150345,0.006041832301817
2034,83,male,0.0075594012052767,0.0053693886941889
2034,84,male,0.0073268932186322,0.0049164361897948
2034,85,male,0.0071014854152095,0.004472763340205
2034,86,male,0.0068829640752306,0.0036641657149015
2034,87,male,0.0066711217239804,0.0031767953952468
2034,88,male,0.0064657569607735,0.0027307808866968
2034,89,male,0.0062666742918972,0.0023261221892517
2034,90,male,0.0060736839674837,0.0019628193029113
2034,91,male,0.0058866018222616,0.0016408722276757
2034,92,male,0.0057052491201347,0.0013602809635449
2034,93,male,0.0055294524025347,0.0011210455105188
2034,94,male,0.0053590433404912,0.0009231658685975
2034,95,male,0.0051938585903601,0.000766642037781
2034,96,male,0.0050337396531528,0.0006514740180693
2034,97,male,0.0048785327374042,0.0005776618094624
2034,98,male,0.0047280886255183,0.0005452054119602
2034,99,male,0.0045822625435294,0.0005541048255628
2034,100,male,0.0044409140342144,0.0005188094014813
2034,101,male,0.0043039068334944,0.0003812980008874
2034,102,male,0.0041711087500595,0.000309769755881
2034,103,male,0.0040423915481548,0.0002543583285195
2034,104,male,0.0039176308334608,0.0002150637188028
2034,105,male,0.003796705942007,0.0001918859267311
2034,106,male,0.003679499832051,0.000272133048967
2034,107,male,0.0035658989788629,0.0002658380180466
2034,108,male,0.0034557932723484,0.0002679843677019
2034,109,male,0.0033490759174496,0.0002785720979328
2035,0,male,0.0,0.0
2035,1,male,0.0,0.0
2035,2,male,0.0,0.0
2035,3,male,0.0,0.0
2035,4,male,0.0,0.0
2035,5,male,0.0,0.0
2035,6,male,0.0,0.0
2035,7,male,0.0,0.0
2035,8,male,0.0,0.0
2035,9,male,0.0,0.0
2035,10,male,0.0,0.0
2035,11,male,0.0,0.0
2035,12,male,0.0,0.0
2035,13,male,0.0,0.0
2035,14,male,0.0,0.0
2035,15,male,0.0060708377574492,0.2293638752666963
2035,16,male,0.0101881354478184,0.2707209326035311
2035,17,male,0.0170499212783626,0.3033981137091783
2035,18,male,0.0263359813686763,0.3527477463332163
2035,19,male,0.0404713597675663,0.4220416089122002
2035,20,male,0.0466118565767425,0.4480129626008174
2035,21,male,0.0536319427273872,0.4578046725315368
2035,22,male,0.0561154682191887,0.4514167387043586
2035,23,male,0.0587068637600339,0.4288491611192827
2035,24,male,0.0585265645319977,0.3901019397763089
2035,25,male,0.0583467847115363,0.3481801893870547
2035,26,male,0.0598988991701492,0.3061771438760057
2035,27,male,0.0614896061343196,0.2825395272384156
2035,28,male,0.0618149590853911,0.2623934415633127
2035,29,male,0.062141919552998,0.2457388868506971
2035,30,male,0.0600791293963276,0.2325758631005687
2035,31,male,0.058080572677479,0.2399664455824115
2035,32,male,0.0569236145566368,0.2307865584351508
2035,33,male,0.0557883378999612,0.2235982395893238
2035,34,male,0.0541194288223913,0.2184014890449307
2035,35,male,0.0524976693600065,0.2142229834622722
2035,36,male,0.0498821649477188,0.2076863792085152
2035,37,male,0.0473904509728046,0.202934747627457
2035,38,male,0.046653093885261,0.1978679997168894
2035,39,male,0.0459266563634654,0.1924861354768123
2035,40,male,0.0452109938093215,0.1867891549072257
2035,41,male,0.0451412924302487,0.1776708485632227
2035,42,male,0.0450716934365068,0.1718897820502052
2035,43,male,0.0450021966933324,0.1660666725654722
2035,44,male,0.0449328020660907,0.1602015201090238
2035,45,male,0.0448635094202768,0.1545536747854029
2035,46,male,0.0443591287503848,0.1468035733021117
2035,47,male,0.0438601582176916,0.14090151037621
2035,48,male,0.0433665456210581,0.1344111845673422
2035,49,male,0.0428782391320813,0.1273325958755085
2035,50,male,0.0423951872955059,0.1196657443007085
2035,51,male,0.0423043561539612,0.1062872185113373
2035,52,male,0.0422137110382901,0.098344660745393
2035,53,male,0.0421232516042326,0.0902642498838765
2035,54,male,0.0420329775080086,0.0820459859267878
2035,55,male,0.0419428884063172,0.0711183042862269
2035,56,male,0.0411393600189129,0.054115950749844
2035,57,male,0.0403505770308517,0.0449792245629696
2035,58,male,0.0395762935056169,0.0376010393126666
2035,59,male,0.0388162666678652,0.0319813949989349
2035,60,male,0.0380702569001453,0.0281202916217747
2035,61,male,0.0359725012251852,0.0352410467553992
2035,62,male,0.0339862525621117,0.033275343040531
2035,63,male,0.0321060235810224,0.0322573391568089
2035,64,male,0.0303265493627586,0.0321870351042329
2035,65,male,0.0286427837190582,0.0332423118039791
2035,66,male,0.0268110162282507,0.0348190695969136
2035,67,male,0.0250933679452021,0.0351812972955484
2035,68,male,0.0234831055335402,0.034992369663526
2035,69,male,0.0219738459653555,0.0342522867008465
2035,70,male,0.0205595442970903,0.0329610484075097
2035,71,male,0.0186580214480893,0.0276588551692379
2035,72,male,0.0169293278839939,0.025873622630284
2035,73,male,0.0153582937152839,0.0238413929685215
2035,74,male,0.0139309848332982,0.0215621661839505
2035,75,male,0.012634619519751,0.0185240174598769
2035,76,male,0.0114522774085377,0.0139339063994703
2035,77,male,0.0103794152440155,0.0113728224994631
2035,78,male,0.0094061036770137,0.0092109307116669
2035,79,male,0.0085232766215275,0.0074482310360817
2035,80,male,0.0077226629423121,0.0060847234727076
2035,81,male,0.0074851713123919,0.0071033192404591
2035,82,male,0.0072549297587079,0.0061895521707088
2035,83,male,0.0070317201886482,0.0055006553477705
2035,84,male,0.0068153308739793,0.0050366287716441
2035,85,male,0.0066055562770685,0.0045821167816018
2035,86,male,0.0064021968811119,0.0037537585283947
2035,87,male,0.006205059024324,0.0032544773956489
2035,88,male,0.0060139547380406,0.0027975624250836
2035,89,male,0.0058287015886852,0.0023830136166988
2035,90,male,0.0056491225235457,0.0020108309704944
2035,91,male,0.0054750457203082,0.0016810144864705
2035,92,male,0.0053063044402882,0.0013935641646271
2035,93,male,0.0051427368853032,0.0011484800049642
2035,94,male,0.0049841860581269,0.0009457620074817
2035,95,male,0.0048304996264621,0.0007854101721797
2035,96,male,0.004681529790372,0.0006674244990582
2035,97,male,0.004537133153107,0.0005918049881172
2035,98,male,0.004397170595263,0.0005585516393566
2035,99,male,0.0042615071522081,0.0005676644527765
2035,100,male,0.0041300118947131,0.0005315027589124
2035,101,male,0.0040025578127217,0.0003906269602301
2035,102,male,0.0038790217021964,0.0003173486822102
2035,103,male,0.0037592840549752,0.0002605815410716
2035,104,male,0.0036432289515763,0.0002203255368143
2035,105,male,0.0035307439568852,0.0001965806694382
2035,106,male,0.0034217200186627,0.0002787911435379
2035,107,male,0.0033160513688097,0.0002723420963694
2035,108,male,0.0032136354273264,0.0002745409593046
2035,109,male,0.0031143727089053,0.0002853877323436
2036,0,male,0.0,0.0
2036,1,male,0.0,0.0
2036,2,male,0.0,0.0
2036,3,male,0.0,0.0
2036,4,male,0.0,0.0
2036,5,male,0.0,0.0
2036,6,male,0.0,0.0
2036,7,male,0.0,0.0
2036,8,male,0.0,0.0
2036,9,male,0.0,0.0
2036,10,male,0.0,0.0
2036,11,male,0.0,0.0
2036,12,male,0.0,0.0
2036,13,male,0.0,0.0
2036,14,male,0.0,0.0
2036,15,male,0.0056464741384565,0.2386600572293474
2036,16,male,0.00947870924549,0.2807914324034843
2036,17,male,0.0158703521612941,0.3140804201953951
2036,18,male,0.0245300047577593,0.3644414220986575
2036,19,male,0.0377336222498308,0.4351740261262292
2036,20,male,0.0434775587256335,0.4615846603605247
2036,21,male,0.0500503780110562,0.4713997465008851
2036,22,male,0.0523772316841044,0.4646192845473103
2036,23,male,0.0548060202619569,0.4412432744998003
2036,24,male,0.0546370058333148,0.4012717163583551
2036,25,male,0.054468482586436,0.3579847197359325
2036,26,male,0.0559235552886347,0.3144660857662463
2036,27,male,0.0574151385075705,0.2899865716654852
2036,28,male,0.0577202585991385,0.2691333844012812
2036,29,male,0.05802690036264,0.2519065239736341
2036,30,male,0.0560925377714117,0.2383059903825442
2036,31,male,0.0542189467715705,0.246068643457786
2036,32,male,0.0531345724738085,0.2366021947785312
2036,33,male,0.0520706915534054,0.229202788555194
2036,34,male,0.0505070469846728,0.2238704247877743
2036,35,male,0.0489879309251774,0.2195970712631928
2036,36,male,0.0465386977620758,0.2129032300713018
2036,37,male,0.0442062260402088,0.2080344527255286
2036,38,male,0.0435161496997279,0.2028407021388121
2036,39,male,0.0428363629276022,0.1973219783111523
2036,40,male,0.0421667272803056,0.1914782812425492
2036,41,male,0.0421015122670189,0.1821134016889517
2036,42,male,0.0420363936886954,0.1761817289945588
2036,43,male,0.0419713714164183,0.170206068487271
2036,44,male,0.0419064453214005,0.1641864201670884
2036,45,male,0.0418416152749853,0.1584036779047763
2036,46,male,0.0413697369244841,0.1504785170277799
2036,47,male,0.040902953110166,0.1444248322905932
2036,48,male,0.0404412139313451,0.1377549522313885
2036,49,male,0.0399844698612229,0.1304688768501659
2036,50,male,0.0395326717467784,0.1225666061469253
2036,51,male,0.039447720868108,0.1087107165337626
2036,52,male,0.0393629450570614,0.1005145032898538
2036,53,male,0.0392783439849831,0.092171318775611
2036,54,male,0.0391939173236968,0.0836811629910341
2036,55,male,0.0391096647455048,0.0723724090821089
2036,56,male,0.0383582411905264,0.0547704474209948
2036,57,male,0.0376206896728761,0.0453253386236168
2036,58,male,0.0368967756534231,0.0377118556742638
2036,59,male,0.0361862677340854,0.0319299985729358
2036,60,male,0.0354889376484399,0.0279797673196329
2036,61,male,0.0335284606854904,0.0354840300349775
2036,62,male,0.0316727278442495,0.0335051176213515
2036,63,male,0.0299165267244098,0.032511864627564
2036,64,male,0.0282548626822915,0.0325042710536149
2036,65,male,0.0266829543896853,0.0336778535959827
2036,66,male,0.0249732998582042,0.0354312692173227
2036,67,male,0.0233705576142311,0.0358775686596336
2036,68,male,0.0218683695147407,0.0357457526577452
2036,69,male,0.0204607145985401,0.0350358212116573
2036,70,male,0.0191418964307311,0.0337477743213702
2036,71,male,0.0173691646214562,0.0282676694145707
2036,72,male,0.0157579680610974,0.0264588101101376
2036,73,male,0.0142940550225607,0.0243895445986317
2036,74,male,0.0129643479569566,0.0220598728800527
2036,75,male,0.011756861764118,0.0189499122178493
2036,76,male,0.0106557733684304,0.0142541675046437
2036,77,male,0.0096567996808986,0.0116341493851156
2036,78,male,0.0087506509474951,0.0094225139503414
2036,79,male,0.0079288502018672,0.007619261200321
2036,80,male,0.0071836679962801,0.0062243911350545
2036,81,male,0.0069626355318167,0.0072664740994267
2036,82,male,0.0067483577324417,0.0063316976946772
2036,83,male,0.006540630980663,0.0056269681201861
2036,84,male,0.0063392576270122,0.0051522853759536
2036,85,male,0.0061440458254748,0.0046873435543611
2036,86,male,0.0059548093728199,0.0038399706677698
2036,87,male,0.0057713675517758,0.003329228360736
2036,88,male,0.0055935449779999,0.0028618244142571
2036,89,male,0.005421171450786,0.0024377588283333
2036,90,male,0.0052540818074527,0.0020570316029644
2036,91,male,0.0050921157813544,0.0017196427381504
2036,92,male,0.0049351178634528,0.0014255922338914
2036,93,male,0.0047829371673893,0.0011748800901874
2036,94,male,0.0046354272979963,0.0009675063070384
2036,95,male,0.0044924462231826,0.0008034708844444
2036,96,male,0.0043538561491316,0.0006827738224053
2036,97,male,0.0042195233987468,0.0006054151209212
2036,98,male,0.0040893182932809,0.000571394779992
2036,99,male,0.0039631150370849,0.0005807127996178
2036,100,male,0.0038407916054118,0.0005437174140299
2036,101,male,0.0037222296352118,0.0003996040982013
2036,102,male,0.003607314318854,0.0003246417858492
2036,103,male,0.0034959343007118,0.0002665700587242
2036,104,male,0.0033879815765483,0.0002253889168262
2036,105,male,0.0032833513956392,0.0002010983601551
2036,106,male,0.0031819421655706,0.0002851981425817
2036,107,male,0.0030836553596505,0.0002786008875522
2036,108,male,0.0029883954268726,0.0002808502833435
2036,109,male,0.0028960697043723,0.0002919463299556
2037,0,male,0.0,0.0
2037,1,male,0.0,0.0
2037,2,male,0.0,0.0
2037,3,male,0.0,0.0
2037,4,male,0.0,0.0
2037,5,male,0.0,0.0
2037,6,male,0.0,0.0
2037,7,male,0.0,0.0
2037,8,male,0.0,0.0
2037,9,male,0.0,0.0
2037,10,male,0.0,0.0
2037,11,male,0.0,0.0
2037,12,male,0.0,0.0
2037,13,male,0.0,0.0
2037,14,male,0.0,0.0
2037,15,male,0.0052516176446698,0.2477467815241247
2037,16,male,0.0088182421254273,0.2906175416944063
2037,17,male,0.0147711631489586,0.3244907349153695
2037,18,male,0.0228449663442169,0.3758211474643033
2037,19,male,0.0351742935700496,0.4479335185080931
2037,20,male,0.0405450559264359,0.4747616438589654
2037,21,male,0.0466961900916249,0.4845923382671813
2037,22,male,0.0488751297846523,0.4774256017327404
2037,23,male,0.0511502878692423,0.4532614342556428
2037,24,male,0.0509919390241342,0.4120998358358886
2037,25,male,0.0508340541258409,0.3674848270048693
2037,26,male,0.0521973963928719,0.3224883750481769
2037,27,male,0.053595238158504,0.2971881845580218
2037,28,male,0.0538812186471888,0.2756459493859786
2037,29,male,0.0541686377671195,0.2578616695320472
2037,30,male,0.0523557440598847,0.2438353449962276
2037,31,male,0.0506002776280577,0.2519630915270998
2037,32,male,0.0495844820990832,0.2422181957376438
2037,33,male,0.0485880349500087,0.2346140143213696
2037,34,male,0.047123773001897,0.2291505472782772
2037,35,male,0.0457015187617153,0.2247859274720713
2037,36,male,0.0434090953063668,0.2179404801343098
2037,37,male,0.0412266939041527,0.2129586591424278
2037,38,male,0.0405811544215873,0.2076422866038463
2037,39,male,0.0399453018520384,0.2019913625185654
2037,40,male,0.0393190039411162,0.1960058868865849
2037,41,male,0.0392580126983211,0.1864023744605576
2037,42,male,0.0391971122043493,0.1803251118226239
2037,43,male,0.0391363023361441,0.1742019556817136
2037,44,male,0.0390755829707785,0.1680329060378267
2037,45,male,0.039014953985455,0.1621201290093786
2037,46,male,0.0385736705901299,0.1540265491348041
2037,47,male,0.0381371803065664,0.1478263570972476
2037,48,male,0.0377054355336211,0.1409825873627521
2037,49,male,0.0372783890421838,0.1334952399313178
2037,50,male,0.036855993974624,0.1253643148029445
2037,51,male,0.0367765747091149,0.1110430748780741
2037,52,male,0.0366973200598962,0.1026002448348663
2037,53,male,0.0366182297138364,0.0940014623342412
2037,54,male,0.0365393033582791,0.0852467273761988
2037,55,male,0.0364605406810422,0.0735666861338732
2037,56,male,0.0357581212904451,0.0553803617604982
2037,57,male,0.0350687416294551,0.0456350194471657
2037,58,male,0.0343921784555658,0.0377927762823003
2037,59,male,0.0337282116264865,0.0318536322659022
2037,60,male,0.033076624085658,0.0278175873979714
2037,61,male,0.0312450909986914,0.03569855664203
2037,62,male,0.0295118789771006,0.0337080217257989
2037,63,male,0.0278720446687858,0.0327402417854178
2037,64,male,0.0263208569007025,0.0327952168208865
2037,65,male,0.0248537916331709,0.0340859040888701
2037,66,male,0.0232585362578401,0.0360141832191127
2037,67,male,0.0217633880943495,0.0365440055023752
2037,68,male,0.0203623500975148,0.0364692700761182
2037,69,male,0.0190497488213294,0.0357899769403419
2037,70,male,0.0178202215062272,0.0345061260950461
2037,71,male,0.0161678724918823,0.0288528352803056
2037,72,male,0.0146664468297643,0.0270218263363974
2037,73,male,0.0133025654562319,0.0249172383431831
2037,74,male,0.0120639630505213,0.0225390713006626
2037,75,male,0.0109394083542134,0.0193599118439833
2037,76,male,0.0099141104835558,0.0145624724859494
2037,77,male,0.0089840359460182,0.0118857179282836
2037,78,male,0.0081404972897736,0.0096261940487701
2037,79,male,0.0073755716031179,0.0077839008474087
2037,80,male,0.0066820382971548,0.0063588383241995
2037,81,male,0.0064763396676396,0.007423534231923
2037,82,male,0.0062769332125425,0.0064685325810128
2037,83,male,0.0060836288855871,0.0057485613662522
2037,84,male,0.0058962422333259,0.0052636205876411
2037,85,male,0.0057145942395215,0.0047886388800956
2037,86,male,0.0055385111733021,0.0039229620636418
2037,87,male,0.0053678244410388,0.0034011869499186
2037,88,male,0.0052023704418847,0.0029236860473254
2037,89,male,0.0050419904269167,0.0024904593558624
2037,90,male,0.0048865303618201,0.0021015068755295
2037,91,male,0.0047358407930541,0.0017568286063267
2037,92,male,0.0045897767174355,0.001456424548254
2037,93,male,0.0044481974550779,0.0012002947013115
2037,94,male,0.004310966525622,0.000988439065499
2037,95,male,0.0041779515276945,0.0008208576408166
2037,96,male,0.0040490240215294,0.0006975504272644
2037,97,male,0.0039240594146891,0.0006185174248423
2037,98,male,0.0038029368508197,0.0005837586335502
2037,99,male,0.003685539101378,0.0005932740533883
2037,100,male,0.0035717524602645,0.0005554760129549
2037,101,male,0.0034614666413003,0.0004082460585253
2037,102,male,0.0033545746784838,0.0003316625883021
2037,103,male,0.0032509728289653,0.0002723349842629
2037,104,male,0.0031505604786776,0.0002302632464075
2037,105,male,0.0030532400505596,0.0002054473747361
2037,106,male,0.0029589169153144,0.0002913659247535
2037,107,male,0.0028674993046404,0.000284625995471
2037,108,male,0.0027788982268759,0.000286924037383
2037,109,male,0.0026930273850008,0.0002982600504894
2038,0,male,0.0,0.0
2038,1,male,0.0,0.0
2038,2,male,0.0,0.0
2038,3,male,0.0,0.0
2038,4,male,0.0,0.0
2038,5,male,0.0,0.0
2038,6,male,0.0,0.0
2038,7,male,0.0,0.0
2038,8,male,0.0,0.0
2038,9,male,0.0,0.0
2038,10,male,0.0,0.0
2038,11,male,0.0,0.0
2038,12,male,0.0,0.0
2038,13,male,0.0,0.0
2038,14,male,0.0,0.0
2038,15,male,0.004884237734155,0.2566333683850342
2038,16,male,0.0082034145639009,0.3002101351162952
2038,17,male,0.013747041105721,0.334641160681736
2038,18,male,0.0212731538976958,0.3869008922753364
2038,19,male,0.03278264058458,0.4603366800872105
2038,20,male,0.0378025295412989,0.4875614766893855
2038,21,male,0.0435564805199367,0.4974003570736345
2038,22,male,0.0455959222005586,0.4898533212399573
2038,23,male,0.0477260914617708,0.4649203691883539
2038,24,male,0.0475778115597525,0.4226015009188243
2038,25,male,0.0474299694020426,0.3766940571020714
2038,26,male,0.0487067007941218,0.3302558769580203
2038,27,male,0.0500159950451413,0.3041552868785175
2038,28,male,0.050283891676499,0.281941254145573
2038,29,male,0.05055314686241,0.2636137787591868
2038,30,male,0.0488550048177044,0.2491728607193588
2038,31,male,0.0472110690054786,0.2576590340296642
2038,32,male,0.0462599963134862,0.2476434444845222
2038,33,male,0.045327171619275,0.239840519186723
2038,34,male,0.0439566396854208,0.2342502581362668
2038,35,male,0.0426256974704233,0.2297977943356624
2038,36,male,0.0404810148440318,0.2228061210910338
2038,37,male,0.0384399077823817,0.2177151760397526
2038,38,male,0.0378362825729263,0.2122803673445818
2038,39,male,0.0372417690240423,0.2065016950055214
2038,40,male,0.0366562410529498,0.2003791590225712
2038,41,male,0.0365992229026468,0.1905446007402418
2038,42,male,0.0365422900788074,0.1843265411891589
2038,43,male,0.0364854424642019,0.1780607198540097
2038,44,male,0.0364286799417292,0.1717471367347941
2038,45,male,0.0363720023944163,0.1657089707607623
2038,46,male,0.0359594938310093,0.1574533168071524
2038,47,male,0.0355514910798961,0.1511115043998428
2038,48,male,0.0351479488212896,0.1440992575086107
2038,49,male,0.0347488221030466,0.1364165761334563
2038,50,male,0.0343540663397446,0.1280634602743793
2038,51,male,0.0342798464770121,0.1132883489848581
2038,52,male,0.0342057812818216,0.1046056276210611
2038,53,male,0.03413187045638,0.095758103504904
2038,54,male,0.034058113703362,0.0867457766363868
2038,55,male,0.0339845107259092,0.0747037975955527
2038,56,male,0.0333281425824223,0.055947677547548
2038,57,male,0.0326840224560776,0.0459098882026993
2038,58,male,0.0320519382301505,0.0378451314075743
2038,59,male,0.0314316808301186,0.0317534071621728
2038,60,male,0.0308230442049949,0.0276347154664949
2038,61,male,0.0291125401987406,0.0358858928125922
2038,62,male,0.0274942666089891,0.0338852510089678
2038,63,male,0.0259635421305366,0.0329436341513701
2038,64,male,0.0245158913280579,0.0330610422397991
2038,65,male,0.0231470391236979,0.0344676865624742
2038,66,male,0.0216588994887956,0.0365691147239182
2038,67,male,0.0202644486990505,0.0371819353699223
2038,68,male,0.0189580362296539,0.0371642508466261
2038,69,male,0.0177343213021525,0.0365160611540298
2038,70,male,0.0165882598625674,0.0352373662921332
2038,71,male,0.015048392157653,0.029415405047956
2038,72,male,0.0136494844490053,0.0275636578629281
2038,73,male,0.0123789856543498,0.0254253845163345
2038,74,male,0.0112253994636075,0.0230005850081752
2038,75,male,0.0101782070115989,0.0197547236236691
2038,76,male,0.0092235875402899,0.0148593533548119
2038,77,male,0.0083577463395749,0.0121279623457538
2038,78,male,0.0075725625973153,0.0098223226728396
2038,79,male,0.0068606340320128,0.0079424343360693
2038,80,male,0.0062152177079602,0.006488297335443
2038,81,male,0.0060238024495259,0.0075747708348799
2038,82,male,0.0058382477341669,0.0066002931370611
2038,83,male,0.0056583762315268,0.0058656450906461
2038,84,male,0.0054840158494237,0.0053708266956349
2038,85,male,0.0053149995868905,0.0048861776963316
2038,86,male,0.0051511653908581,0.0040028760293753
2038,87,male,0.0049923560164234,0.0034704774154961
2038,88,male,0.00483841889064,0.0029832541328901
2038,89,male,0.0046892059797706,0.0025412061815574
2038,90,male,0.0045445736599371,0.0021443335614979
2038,91,male,0.0044043825911068,0.0017926362727117
2038,92,male,0.0042684975943493,0.0014861143151988
2038,93,male,0.0041367875323014,0.0012247676889591
2038,94,male,0.0040091251927743,0.0010085963939927
2038,95,male,0.0038853871754408,0.0008376004302995
2038,96,male,0.0037654537815359,0.0007117797978796
2038,97,male,0.0036492089065084,0.000631134496733
2038,98,male,0.0035365399355596,0.0005956645268596
2038,99,male,0.003427337642005,0.0006053698882595
2038,100,male,0.0033214960883963,0.0005667988488114
2038,101,male,0.0032189125303416,0.0004165677555958
2038,102,male,0.0031194873229619,0.0003384232061497
2038,103,male,0.0030231238299219,0.0002778862668617
2038,104,male,0.0029297283349756,0.0002349569377318
2038,105,male,0.0028392099559662,0.00020963521876
2038,106,male,0.0027514805612221,0.0002973051344822
2038,107,male,0.0026664546882893,0.0002904278183258
2038,108,male,0.0025840494649451,0.0002927727035771
2038,109,male,0.0025041845324343,0.000304339790236
2039,0,male,0.0,0.0
2039,1,male,0.0,0.0
2039,2,male,0.0,0.0
2039,3,male,0.0,0.0
2039,4,male,0.0,0.0
2039,5,male,0.0,0.0
2039,6,male,0.0,0.0
2039,7,male,0.0,0.0
2039,8,male,0.0,0.0
2039,9,male,0.0,0.0
2039,10,male,0.0,0.0
2039,11,male,0.0,0.0
2039,12,male,0.0,0.0
2039,13,male,0.0,0.0
2039,14,male,0.0,0.0
2039,15,male,0.0045424407367392,0.2653282240195214
2039,16,male,0.007631124120035,0.3095790208434587
2039,17,male,0.0127930020444985,0.3445426133957056
2039,18,male,0.0198072954046748,0.3976932563673935
2039,19,male,0.0305484576093899,0.4723984775321798
2039,20,male,0.0352386982950201,0.5
2039,21,male,0.0406188806011962,0.5098399558208571
2039,22,male,0.0425268911014215,0.5019183449947509
2039,23,male,0.0445203683928317,0.4762351675216814
2039,24,male,0.0443815841448435,0.4327904234016487
2039,25,male,0.04424321249877,0.3856246275012981
2039,26,male,0.0454382538535428,0.3377792931194694
2039,27,male,0.0466639981535168,0.3108977285809691
2039,28,male,0.0469148274121373,0.288028424081977
2039,29,male,0.0471669382270289,0.2691713796224932
2039,30,male,0.0455770827866451,0.2543265952025176
2039,31,male,0.0440383397807804,0.2631648086309565
2039,32,male,0.0431482876279002,0.2528859530268933
2039,33,male,0.0422754286695815,0.2448900618307862
2039,34,male,0.0409932083584104,0.2391771350426352
2039,35,male,0.0397482639462766,0.2346401057913526
2039,36,male,0.037742649886747,0.227507360897122
2039,37,male,0.0358344583830141,0.222311046741986
2039,38,male,0.0352702460514753,0.2167618118729974
2039,39,male,0.0347145973750787,0.2108596562901564
2039,40,male,0.0341673923810631,0.2046045799934628
2039,41,male,0.0341141084985521,0.1945462441997824
2039,42,male,0.0340609047815479,0.1881919794482426
2039,43,male,0.0340077811185758,0.1817881204692797
2039,44,male,0.0339547373982876,0.1753346672628936
2039,45,male,0.0339017735094615,0.1691755630292643
2039,46,male,0.0335163063133491,0.1607639134147848
2039,47,male,0.0331350716042991,0.1542851623066258
2039,48,male,0.0327580263112062,0.1471096234396618
2039,49,male,0.032385127724111,0.1392372968138931
2039,50,male,0.0320163334929727,0.1306681824293193
2039,51,male,0.0319469970698788,0.1154501965814655
2039,52,male,0.0318778058606911,0.1065340268910579
2039,53,male,0.0318087595826813,0.0974443295477334
2039,54,male,0.0317398579535799,0.0881811045514919
2039,55,male,0.0316711006915741,0.0757861445462445
2039,56,male,0.0310579766491291,0.0564741840139828
2039,57,male,0.0304563488108422,0.0461514070727774
2039,58,male,0.0298660159571006,0.0378701208624806
2039,59,male,0.0292867798384567,0.0316303253830924
2039,60,male,0.0287184451535876,0.0274320206346128
2039,61,male,0.027121466103336,0.0360471806041257
2039,62,male,0.0256109504438617,0.0340378838691848
2039,63,male,0.0241824710303814,0.0331230911410132
2039,64,male,0.022831799715744,0.0333028024196109
2039,65,male,0.0215549014915728,0.0348243043307277
2039,66,male,0.0201670083167086,0.0370972390574638
2039,67,male,0.0188667566844057,0.0377925556172248
2039,68,male,0.0176488277290669,0.0378318935705354
2039,69,male,0.0165081983663533,0.0372152529173956
2039,70,male,0.0154401282868,0.0359426336578053
2039,71,male,0.014005322359225,0.0299563278027793
2039,72,male,0.0127021285829829,0.0280851944931867
2039,73,male,0.0115187802196908,0.025914804158593
2039,74,male,0.0104445080312837,0.0234451567989982
2039,75,male,0.0094694655379142,0.020134985479485
2039,76,male,0.0085807430528799,0.0151452899487971
2039,77,male,0.0077747737301661,0.0123612742710818
2039,78,male,0.0070439693756811,0.0100112170008946
2039,79,male,0.0063814165436994,0.0080951181382353
2039,80,male,0.0057808203425805,0.0066129776831041
2039,81,male,0.0056027081585511,0.0077204285092022
2039,82,male,0.0054300537960529,0.0067271924957289
2039,83,male,0.0052626918324787,0.0059784087030846
2039,84,male,0.0051004617485933,0.0054740771312694
2039,85,male,0.0049432077899216,0.0049801177846368
2039,86,male,0.0047907788316386,0.0040798418237284
2039,87,male,0.0046430282469025,0.0035372118244621
2039,88,male,0.0044998137785656,0.0030406250049339
2039,89,male,0.0043609974142004,0.0025900813651438
2039,90,male,0.0042264452643769,0.0021855809050917
2039,91,male,0.0040960274441274,0.0018271236247778
2039,92,male,0.0039696179575331,0.0015147095242019
2039,93,male,0.0038470945853704,0.0012483386033641
2039,94,male,0.0037283387757509,0.0010280108622644
2039,95,male,0.0036132355376914,0.0008537263009028
2039,96,male,0.0035016733375518,0.0007254849192792
2039,97,male,0.0033935439982749,0.0006432867173938
2039,98,male,0.0032887426013681,0.0006071316952464
2039,99,male,0.0031871673915628,0.0006170198528372
2039,100,male,0.0030887196840905,0.000577704224596
2039,101,male,0.0029933037745149,0.000424582641166
2039,102,male,0.0029008268510593,0.0003449345677113
2039,103,male,0.002811198909369,0.0002832328799889
2039,104,male,0.0027243326696527,0.0002394775779987
2039,105,male,0.0026401434961408,0.0002136686617408
2039,106,male,0.0025585493188079,0.0003030253723073
2039,107,male,0.0024794705572999,0.0002960157345747
2039,108,male,0.0024028300470125,0.0002984057361047
2039,109,male,0.002328552967266,0.0003101953768973
